inputAddr,TxTime,Fee,Address Type,
1AABsVPPRHH7CZ1SKa56xwG2BrdNZ3FMoE,2017-08-08 14:15,56500,P2PKH,1
1uzWkZKhix3xiAnXDBJVfkve16cTtN9r5,2017-08-08 14:36,56500,P2PKH,2
1R5aUyFMtmJ77F883ag3YE1xT45HS4gpy,2017-08-08 14:57,56500,P2PKH,3
179x6qcB18Rf9ZRVapzF2qcWUTMb6fERzp,2017-08-08 15:13,56500,P2PKH,4
1MCBedFk2TULR5sk56uYPqW4RD28G88k7U,2017-08-08 15:43,56500,P2PKH,5
18P7qJpcPTsjpg6qpCzAMZMW6HskJtKdS3,2017-08-08 15:55,56500,P2PKH,6
1L7Xfpw5QFocmpBCLMsFXBsk21nBndfaoE,2017-08-08 16:13,56500,P2PKH,7
14j2KE9wZ1s5cFyRj6zMAdHsBKy4YS8656,2017-08-08 16:45,56500,P2PKH,8
18DdZwLqPgHTkADncRbKXwfVrxejF2fJBz,2017-08-08 16:45,56500,P2PKH,9
1EMbtNyCDGeLzcKUhgQ88AoGaavbxkB7cZ,2017-08-08 17:32,56500,P2PKH,10
1LynAFHE98MK5X2v3ZbNg34YiDcgRugKWt,2017-08-08 18:20,56500,P2PKH,11
128GusLLyVBaLzMhdFXbx99oNyLNbXuKeC,2017-08-08 18:35,56500,P2PKH,12
1Fi7xZnXd6iSSfS9XWs7xPoBY2Kh4d1Rsu,2017-08-08 19:03,56500,P2PKH,13
1XZGtPxQfJ7TeSVoL1dz5w98Z2jBooV3S,2017-08-08 20:29,56500,P2PKH,14
1HepAFjgK9LWTkKy8iMrAFgyKnkzaFxPTm,2017-08-08 20:40,56500,P2PKH,15
1JUR3CF6R6zDe2XRHyV6Dp9hz5rpkd3reD,2017-08-08 20:57,56500,P2PKH,16
188ubSA682CZtrPkDSPzc49oPzSxmub8gD,2017-08-08 21:48,56500,P2PKH,17
1D6oe6WZ3yk4Jq2g2XBfxHu43ecLesZCZh,2017-08-08 22:04,56500,P2PKH,18
1MzhN53yVCNRE1ysz7pFKqDvFVyxZmfnWJ,2017-08-08 22:21,56500,P2PKH,19
17G9d581c8D1CdAs26zkEmHB62WG1h65EA,2017-08-08 22:31,56500,P2PKH,20
1LFAEEmAdtSnqUYmH6HJEPgVzGBwW2fgRo,2017-08-08 23:49,56500,P2PKH,21
1BzosR4z2PSuuUJqWnfTNpk1HwMd3MK4Hq,2017-08-09 0:08,56500,P2PKH,22
1PfnrWpw41THFu8Ytjef3NyWZqoDxXqfe7,2017-08-09 1:05,56000,P2PKH,23
14cyq1SjEzgJw69kWArQ7qV9YGkrip8zGP,2017-08-09 7:59,56000,P2PKH,24
1NFSx32sP2EqYtUiKr2CkAeEGe2PD9Dd9w,2017-08-09 8:13,56500,P2PKH,25
12rNjf8AtWw1Hy4S473uZwtgzu294Bm5cd,2017-08-09 8:53,56500,P2PKH,26
1E9eFmi8GyvXLGurvbm9VeDgCDyhx5jM6Q,2017-08-09 9:52,56500,P2PKH,27
1ErqDtskKsBXzrav7LT9k9AUdTr41xbKXc,2017-08-09 10:20,56500,P2PKH,28
133bU1YpaRvPvyDR43wu7dEgxUm94FNxSZ,2017-08-09 10:31,56500,P2PKH,29
12M4cfhHbLXA3GJBkBmkLTdi2eKiZLfknt,2017-08-09 10:49,56500,P2PKH,30
16NZcD68wYeyJwUVh7XqgKhPXbyYWQ4pFy,2017-08-09 10:58,56500,P2PKH,31
1E8HHNN9ThuxL9uGWmQVvNpmoZ8TUXzHMT,2017-08-09 12:23,56500,P2PKH,32
152gjiRQdyF6PQpDS3m2BhcZQ3TAWqTJKZ,2017-08-09 12:23,56500,P2PKH,33
17VhkrgAJL8Ab6xpc2SuUnTchBxtpHCEXV,2017-08-09 12:23,56500,P2PKH,34
1Dw1eEHHngavJgDG7DDTRpH8sX8NmQVrPA,2017-08-09 12:23,56500,P2PKH,35
1muTEhLRhMpwuETg3rFwqLVys7K6cDM8G,2017-08-09 12:57,56500,P2PKH,36
16fNjrND4f4HUmS1f2MdGtBJGQ7VoHEMtS,2017-08-09 13:29,56500,P2PKH,37
1GH9Cp4JivH5b9aeBnLm73qfdwkdyCsbVW,2017-08-09 13:54,56000,P2PKH,38
169Vuom8eAwcwqjcaTxXbjSJK7VdN1b8Fm,2017-08-09 14:07,56500,P2PKH,39
1M3kJL1VFCezREnCvKnDU4VzhSquyodgeM,2017-08-09 14:27,56500,P2PKH,40
19ncVRec4pzVHvNJCLbdAJugS5tdvgvA68,2017-08-09 14:42,56500,P2PKH,41
1NT2b7ynAdpzGs9ao3ynyrqMntogRcaNWU,2017-08-09 14:52,56000,P2PKH,42
1BigVaZaFxG7L9CXUG6R6JxSkhjchP7yd7,2017-08-09 15:17,56500,P2PKH,43
1Jf1w6Bw4wx3JjSYGPpNBz3NsFzynqz5eH,2017-08-09 15:54,56500,P2PKH,44
1va12PDLYiPzCrAcvGfEV1YvNGggPRUUp,2017-08-09 16:13,56500,P2PKH,45
13HGDUhFQQhz92fdxv2vrLqdDw2q67ddbd,2017-08-09 16:29,56500,P2PKH,46
19dH1qCkozPno2PRYmZzXAQ2RaVXeHwG8m,2017-08-09 16:48,56000,P2PKH,47
16wxPaoJEUdpfojy4tdNgzC1JgdehUn8hc,2017-08-09 16:58,56500,P2PKH,48
1f4XDcb15qzYY4aP5UwzbA1zGjLu2axLF,2017-08-09 17:23,56500,P2PKH,49
1JTmsgenSqU6XdW723o95MeyNh26nBt1WQ,2017-08-09 17:38,56500,P2PKH,50
16m3yujpSUq7x8THQw1iQeJXPWCUMcYhrH,2017-08-09 17:58,56500,P2PKH,51
1CMkWH8gtN4soSkF6SEXwEwPBFUqgHHHMF,2017-08-09 18:49,56500,P2PKH,52
13gBZQeMXJS6HzUNQ9ZWDecUYamNk35qNk,2017-08-09 18:49,56500,P2PKH,53
1PZBgGRLSHWwu3EqiCcABUyUmtbtno8suf,2017-08-09 18:49,56500,P2PKH,54
175dg7YMmyAssPSGLBck9uQq4Yonq8kVSL,2017-08-09 18:49,56500,P2PKH,55
1DNZmRqq54KbvYTaEwXADp5cquYYoWx5Tz,2017-08-09 19:04,56500,P2PKH,56
15ACXSgcPeB1x3pzH5aWJ88YfoVCXXMqxA,2017-08-09 19:20,56500,P2PKH,57
1BqNZRCCnmrgbxbC7q6GFA36rD81Hi5QK8,2017-08-09 19:45,56500,P2PKH,58
139VG9sPUjuh1UEJueL8EEKYCfcBQ6YsBg,2017-08-09 19:45,56500,P2PKH,59
1H5qLLjzvVfvvRGatzRj9YpysLopFjruRf,2017-08-09 19:55,56500,P2PKH,60
13uz6zDKUHS1JrDAjBemxogvuhhKoSBF5s,2017-08-09 20:10,56500,P2PKH,61
1PRfKLkysEkuXGttVWdmbQmdC4zM7rBrSv,2017-08-09 20:33,56500,P2PKH,62
17EXxWPGaJwLbSEebUSEWdRgyUkRWcuxzh,2017-08-09 20:43,56500,P2PKH,63
1JJ5KipxdZQUF9i6LV4eYL92QqC8EqMUWm,2017-08-09 21:36,56500,P2PKH,64
19ags1XCXMsLRAo2tQdYcGpTSUfXfEwYLu,2017-08-09 21:36,56500,P2PKH,65
1MsR1iDdsKsJpxkFcfJBaK3saNPhaxwZNq,2017-08-09 21:50,56500,P2PKH,66
17s1poTahquSijex6qyncLRw9UGkSyFxKK,2017-08-09 22:08,56500,P2PKH,67
1QBQbkCDBGT3PW5FkSPZuDR4zPQLnJYQUy,2017-08-09 22:08,56500,P2PKH,68
1JfRSVkYQFbWx8SaQSq8Gguph9WTcbnc7y,2017-08-09 22:21,56000,P2PKH,69
17tSiyFngsCTgFgbwNrV1guY8GXQXXKwtR,2017-08-09 22:33,56500,P2PKH,70
18wdF7NuGg7BW7HbKbfMaGNbmNLqCLwFby,2017-08-09 23:10,56000,P2PKH,71
13DhFeHJy7BMbc8irbDVirKtCCFHLo9ZCR,2017-08-09 23:16,56500,P2PKH,72
1AdFqheQzZANZ6YxznfQz1PNvX3gjiMhyp,2017-08-09 23:27,56500,P2PKH,73
12rYt2kjjN9nybskURb17RYALteusWNKnF,2017-08-09 23:40,56500,P2PKH,74
1C7stTCXjBRemrJidJzSjHEBAmC68KDPnV,2017-08-10 0:17,56500,P2PKH,75
1JyBwMutH5nURn48JCXBQWatcZKxmHe6rG,2017-08-10 0:48,56500,P2PKH,76
17H2fAFojGZHrjyxE13z2NTox6ccd2eVVf,2017-08-10 1:17,56000,P2PKH,77
1C5JzNsUb141Cj4bMeHeG5hkWs8hjNGopE,2017-08-10 1:53,56500,P2PKH,78
1HKyVtUZE9sTFzfstkeJqzQet49NkShKSi,2017-08-10 1:53,56500,P2PKH,79
1HnnUuLjCh8X8wWyXyA8vPboMAGDLCMnwu,2017-08-10 3:16,56500,P2PKH,80
15EZpwj3GjUN3dasyWQCDkeunKSzmQbRnX,2017-08-10 7:05,56500,P2PKH,81
1GCnd5x34pGa8J4vLfionsp6ZCusfUQEcP,2017-08-10 8:22,56500,P2PKH,82
1Fgoy9fMWHSHwzkTbuUTzDqma9Dn4qMpT5,2017-08-10 8:59,56500,P2PKH,83
1PapsbohtpS8YjHtbwxBe1MWKimSN4EFc,2017-08-10 9:25,56500,P2PKH,84
1Dkmj3gepvCMeNJF6oGK7YJZvMcicfKG5Z,2017-08-10 9:42,56500,P2PKH,85
1AXQ4JxETU7uz7JvrJPZfFc5oQssVBX1WE,2017-08-10 10:16,56500,P2PKH,86
1FakCVSWYewKLsSdvV5PgR1jZZW4Smtbw5,2017-08-10 10:33,56500,P2PKH,87
1Gk2pPZgXhAZmh8R1DfRzpAkf86tr7QCyD,2017-08-10 10:50,56500,P2PKH,88
1AD9xSbzuKQhZ1P1yrjEAxbfUXTHF4t7qr,2017-08-10 11:02,56500,P2PKH,89
18zuFLRcyNNLin3KL799CiFeV3JcJZKXrH,2017-08-10 11:20,56500,P2PKH,90
16hSUANDusvFsgxR5Dg23RRojorZHG4Lh1,2017-08-10 11:47,56500,P2PKH,91
16P7AQTsJm4KYer7nTBLGXQTJiUibUX8Vh,2017-08-10 11:47,56500,P2PKH,92
1NKD2yjegA2Hjqw88vfAR4YTWvbjKXtyLp,2017-08-10 11:59,56500,P2PKH,93
13mmso1KtHFqXeb66ieRaDgoiUYdQh1SVg,2017-08-10 12:12,56500,P2PKH,94
1A6hBYB8ctokpGSRXDkWLKV2T2zUZAxADN,2017-08-10 12:37,56000,P2PKH,95
18EvWUxtgAaWBwMiPwyKrnemsTn3hqHBra,2017-08-10 12:37,56500,P2PKH,96
1HG8T7D5WRJWgvMeVDB3qNZVzuW1vAYdhQ,2017-08-10 12:58,56500,P2PKH,97
1FvJQ5RbS8t4GTekPV6gD3dSURKNjLExvf,2017-08-10 13:06,56500,P2PKH,98
1GJrGpd8xTyyPSnnh3fGgS9AThJmyH9rjb,2017-08-10 13:41,56500,P2PKH,99
inputAddr,TxTime,Fee,Address Type,
,,,,
1HxXzcqDvifwS216KgBReCC41isZZoD7bE,2017-09-01 9:45,67800,P2PKH,100
1KeGYAMrmjs7EVP9equx8XdFxNFUcYQBSa,2017-09-01 9:45,67800,P2PKH,101
1Lu6U3zkVTLBNayr2V2abLJ67917ZQxjX9,2017-09-01 9:57,67800,P2PKH,102
1Mbaoq5Co51uD6TBkLekQTQFQDXcjruwJE,2017-09-01 10:12,67800,P2PKH,103
187SjVn9i8z1siEyFXkUc87eqU54LjXHbE,2017-09-01 10:55,67200,P2PKH,104
1FL6bJe1WxfjtHk6Tge1jgA3wA6w4nsgxN,2017-09-01 11:22,67800,P2PKH,105
1MUL1zq94Bbknd4wxjyuLN5GCdtcqo5Ho2,2017-09-01 11:56,67800,P2PKH,106
1HXyXsdJFQ3dcvpoRKoEkMJ7gS8Rw8u6wr,2017-09-01 12:05,67800,P2PKH,107
1G67hTVJku8R6qJjj7TNB8XmnRD2TGC5H,2017-09-01 12:18,67800,P2PKH,108
1YKGvQXDNAkESQM3HSTEoN8BB9LG4caAq,2017-09-01 12:44,67800,P2PKH,109
1JkB1vPwNvXW7VQcFeZpXSDsuE13MFWYoU,2017-09-01 13:21,67800,P2PKH,110
1N8QL91r3J1B5nfeNTEfAxKUZLpeGU7xya,2017-09-01 15:05,67800,P2PKH,111
1D5NZSLUYrZ6yFYkrJQzpHCgLvq2pkGF6Y,2017-09-01 15:05,67800,P2PKH,112
16V2z2Uj5SGF1txurDmE18V82XgeHnxfXe,2017-09-01 15:05,67200,P2PKH,113
1JdzaNYUUTyXnjmSwcoyCjTQiLCb3CzPnh,2017-09-01 15:05,67800,P2PKH,114
18EWnsvT8YacogrNqFkaB9nv3TjoWy3qD8,2017-09-01 15:25,67800,P2PKH,115
177q1Nu7FroJ7d9ovc3tuiS2UeGsNQCnRh,2017-09-01 15:59,67800,P2PKH,116
1BaCn1D8fxtcoyLeRyjCPiZZN7q4PwF7om,2017-09-01 15:59,67800,P2PKH,117
15Djuf6aJim9SXUaMvyKEzTzU16eTL7BZ2,2017-09-01 16:07,67800,P2PKH,118
1DsjT3RBGkbdm2huYxNMtxEVR26g45BK9v,2017-09-01 16:19,67800,P2PKH,119
14mSoPpQEWEhUuwKvwTjRztyGebrsXoRAd,2017-09-01 16:43,67800,P2PKH,120
14M85FTFC7Q4UgzTHqT26xJhh8XjZ21ELK,2017-09-01 17:05,67200,P2PKH,121
1KhR477Hmoa6EGUfwPYMyZCxXtVFZkPHmK,2017-09-01 17:20,67800,P2PKH,122
1PoGTbH1KrsEXvb1TpU4dL5ru5RhzXi3N9,2017-09-01 17:31,67800,P2PKH,123
1FQy24xB2Zx1b7Ttn5LZWjTFovNvTsrQrN,2017-09-01 17:49,67800,P2PKH,124
15BsgEH7ENkVYWb4CEBFfVAa2LJScx5bf2,2017-09-01 18:21,67800,P2PKH,125
,,,,
1BNW8NoaUo1CbqLAUvZU4nozREjaoV23vS,2017-08-31 16:04,67800,P2PKH,200
1CRLhYSnXYuCDakx78CfKnere8NAksbZqR,2017-08-31 16:47,67800,P2PKH,201
15JyaHjF9MKEDikQqoxvfXr2AfEBGiNN86,2017-08-31 16:58,67800,P2PKH,202
1HvoMprriREqrE9efBAKYZrehsBFb7RaqP,2017-08-31 17:15,67800,P2PKH,203
1HbDwtyXcV6mZTU6P9Wd34aZGLPEy8TYeC,2017-08-31 17:33,67800,P2PKH,204
146CNsBgycK8UHQppA5G6LrnM5Jn4emdiG,2017-08-31 17:43,67800,P2PKH,205
1nzT8keBykr6kKZkHJLjwU9KSuwdPNBZS,2017-08-31 17:57,67800,P2PKH,206
19K1nK1QQFsJRSA2jQ8rTm1nHHkU1vTGmW,2017-08-31 18:16,67800,P2PKH,207
1PJtvSyZXyqwc8EZvQFBNzwD7M3hPaV68x,2017-08-31 18:39,67800,P2PKH,208
1GJXtXfAiWiVajWsckYhtydTNt4KMc6wEq,2017-08-31 19:32,67200,P2PKH,209
1N1hx471VUqv565RRVkDPDkJcHc6SF2Bvx,2017-08-31 19:32,67800,P2PKH,210
1L8L12r29CSPx5ZdfMKA1XQvnfuxKyRguK,2017-08-31 19:39,67800,P2PKH,211
1Hb4FUcTbU68xA7c6Gt3AR2Jf3co7dNikv,2017-08-31 19:44,67800,P2PKH,212
1JV2ZDMdwayABxD6pjVb3BPyB1ywoJHVsN,2017-08-31 19:52,67800,P2PKH,213
12sUSMgV8XWKZd1V3JY6A9tN4L6kZCRKoo,2017-08-31 20:36,67800,P2PKH,214
1MEv9Ar5SzfvAJwEDYc14sdcMscrjcRJF,2017-08-31 20:48,67800,P2PKH,215
1AHdTHtyx5aTQ3W8R6bWPRRwoMotLBFsYo,2017-08-31 21:03,67800,P2PKH,216
1aKjpyePcWiagiEs7MfWbCnAhCR1wLK4D,2017-08-31 21:15,67800,P2PKH,217
1AxDVoBkVSHpQRfCE3eWaVzRyAjQDDLyxb,2017-08-31 21:26,67800,P2PKH,218
1NTNccRUwZoCAh12xQPmj7jHCJRtwFrGAZ,2017-08-31 21:32,67800,P2PKH,219
15AvWerzPLjK4x6Fbnvi1Vd5cGJfWvwcBc,2017-08-31 21:35,67800,P2PKH,220
19fACmwJXyiZHmE3kJ9xMQGqqurfVScmgH,2017-08-31 21:48,67800,P2PKH,221
1KFsxa7V3sPKkRsf7G2eT7Qfb6BvSMf6gx,2017-08-31 22:04,67800,P2PKH,222
15AXX4xNQoVeehz7pX4jGJ2yp7114yWDDz,2017-08-31 22:16,67800,P2PKH,223
1PyBWbukJ8ArA1BU5RVHxh3YLJucYhhW7o,2017-08-31 23:06,67800,P2PKH,224
1PBVtxoSLpj5rPeZmgjitYShbPo1q95eVf,2017-08-31 23:06,67800,P2PKH,225
1Euo5JJvbUPoHNbw68QtB9RfZ8y2HG5CCU,2017-08-31 23:11,67800,P2PKH,226
176dJ2WM2iv31n2zXomrDffMo1PpJvaxr7,2017-08-31 23:21,67800,P2PKH,227
1DcVjvXCcHXHmJt1Eq9hWFLJXTFcP7FgvM,2017-08-31 23:26,67800,P2PKH,228
inputAddr,TxTime,Fee,Address Type,
1AABsVPPRHH7CZ1SKa56xwG2BrdNZ3FMoE,2017-08-08 14:15,56500,P2PKH,251
1uzWkZKhix3xiAnXDBJVfkve16cTtN9r5,2017-08-08 14:36,56500,P2PKH,252
1R5aUyFMtmJ77F883ag3YE1xT45HS4gpy,2017-08-08 14:57,56500,P2PKH,253
179x6qcB18Rf9ZRVapzF2qcWUTMb6fERzp,2017-08-08 15:13,56500,P2PKH,254
1MCBedFk2TULR5sk56uYPqW4RD28G88k7U,2017-08-08 15:43,56500,P2PKH,255
18P7qJpcPTsjpg6qpCzAMZMW6HskJtKdS3,2017-08-08 15:55,56500,P2PKH,256
1L7Xfpw5QFocmpBCLMsFXBsk21nBndfaoE,2017-08-08 16:13,56500,P2PKH,257
14j2KE9wZ1s5cFyRj6zMAdHsBKy4YS8656,2017-08-08 16:45,56500,P2PKH,258
18DdZwLqPgHTkADncRbKXwfVrxejF2fJBz,2017-08-08 16:45,56500,P2PKH,259
1EMbtNyCDGeLzcKUhgQ88AoGaavbxkB7cZ,2017-08-08 17:32,56500,P2PKH,260
1LynAFHE98MK5X2v3ZbNg34YiDcgRugKWt,2017-08-08 18:20,56500,P2PKH,261
128GusLLyVBaLzMhdFXbx99oNyLNbXuKeC,2017-08-08 18:35,56500,P2PKH,262
1Fi7xZnXd6iSSfS9XWs7xPoBY2Kh4d1Rsu,2017-08-08 19:03,56500,P2PKH,263
1XZGtPxQfJ7TeSVoL1dz5w98Z2jBooV3S,2017-08-08 20:29,56500,P2PKH,264
1HepAFjgK9LWTkKy8iMrAFgyKnkzaFxPTm,2017-08-08 20:40,56500,P2PKH,265
1JUR3CF6R6zDe2XRHyV6Dp9hz5rpkd3reD,2017-08-08 20:57,56500,P2PKH,266
188ubSA682CZtrPkDSPzc49oPzSxmub8gD,2017-08-08 21:48,56500,P2PKH,267
1D6oe6WZ3yk4Jq2g2XBfxHu43ecLesZCZh,2017-08-08 22:04,56500,P2PKH,268
1MzhN53yVCNRE1ysz7pFKqDvFVyxZmfnWJ,2017-08-08 22:21,56500,P2PKH,269
17G9d581c8D1CdAs26zkEmHB62WG1h65EA,2017-08-08 22:31,56500,P2PKH,270
1LFAEEmAdtSnqUYmH6HJEPgVzGBwW2fgRo,2017-08-08 23:49,56500,P2PKH,271
1BzosR4z2PSuuUJqWnfTNpk1HwMd3MK4Hq,2017-08-09 0:08,56500,P2PKH,272
1PfnrWpw41THFu8Ytjef3NyWZqoDxXqfe7,2017-08-09 1:05,56000,P2PKH,273
14cyq1SjEzgJw69kWArQ7qV9YGkrip8zGP,2017-08-09 7:59,56000,P2PKH,274
1NFSx32sP2EqYtUiKr2CkAeEGe2PD9Dd9w,2017-08-09 8:13,56500,P2PKH,275
12rNjf8AtWw1Hy4S473uZwtgzu294Bm5cd,2017-08-09 8:53,56500,P2PKH,276
1E9eFmi8GyvXLGurvbm9VeDgCDyhx5jM6Q,2017-08-09 9:52,56500,P2PKH,277
1ErqDtskKsBXzrav7LT9k9AUdTr41xbKXc,2017-08-09 10:20,56500,P2PKH,278
133bU1YpaRvPvyDR43wu7dEgxUm94FNxSZ,2017-08-09 10:31,56500,P2PKH,279
12M4cfhHbLXA3GJBkBmkLTdi2eKiZLfknt,2017-08-09 10:49,56500,P2PKH,280
16NZcD68wYeyJwUVh7XqgKhPXbyYWQ4pFy,2017-08-09 10:58,56500,P2PKH,281
1E8HHNN9ThuxL9uGWmQVvNpmoZ8TUXzHMT,2017-08-09 12:23,56500,P2PKH,282
152gjiRQdyF6PQpDS3m2BhcZQ3TAWqTJKZ,2017-08-09 12:23,56500,P2PKH,283
17VhkrgAJL8Ab6xpc2SuUnTchBxtpHCEXV,2017-08-09 12:23,56500,P2PKH,284
1Dw1eEHHngavJgDG7DDTRpH8sX8NmQVrPA,2017-08-09 12:23,56500,P2PKH,285
1muTEhLRhMpwuETg3rFwqLVys7K6cDM8G,2017-08-09 12:57,56500,P2PKH,286
16fNjrND4f4HUmS1f2MdGtBJGQ7VoHEMtS,2017-08-09 13:29,56500,P2PKH,287
1GH9Cp4JivH5b9aeBnLm73qfdwkdyCsbVW,2017-08-09 13:54,56000,P2PKH,288
169Vuom8eAwcwqjcaTxXbjSJK7VdN1b8Fm,2017-08-09 14:07,56500,P2PKH,289
1M3kJL1VFCezREnCvKnDU4VzhSquyodgeM,2017-08-09 14:27,56500,P2PKH,290
19ncVRec4pzVHvNJCLbdAJugS5tdvgvA68,2017-08-09 14:42,56500,P2PKH,291
1NT2b7ynAdpzGs9ao3ynyrqMntogRcaNWU,2017-08-09 14:52,56000,P2PKH,292
1BigVaZaFxG7L9CXUG6R6JxSkhjchP7yd7,2017-08-09 15:17,56500,P2PKH,293
1Jf1w6Bw4wx3JjSYGPpNBz3NsFzynqz5eH,2017-08-09 15:54,56500,P2PKH,294
1va12PDLYiPzCrAcvGfEV1YvNGggPRUUp,2017-08-09 16:13,56500,P2PKH,295
13HGDUhFQQhz92fdxv2vrLqdDw2q67ddbd,2017-08-09 16:29,56500,P2PKH,296
19dH1qCkozPno2PRYmZzXAQ2RaVXeHwG8m,2017-08-09 16:48,56000,P2PKH,297
16wxPaoJEUdpfojy4tdNgzC1JgdehUn8hc,2017-08-09 16:58,56500,P2PKH,298
1f4XDcb15qzYY4aP5UwzbA1zGjLu2axLF,2017-08-09 17:23,56500,P2PKH,299
,,,,
,,,,
12L371NEwKBQUzBkur1h51t9KYBbcKky6y,2017-07-16 11:37,67800,P2PKH,300
1tPgThkWQoQXjj4Swc8njBh3Jh2fuPN1p,2017-07-16 11:51,67800,P2PKH,301
1JRDygRBtzywqSwZ76BfM1WgaX5mbSduBz,2017-07-16 12:10,67800,P2PKH,302
1AfLkDbFaophXivBqobbbZE3TC2Wbj7DLU,2017-07-16 12:21,67200,P2PKH,303
1B1VudW4GYvttedyamhjd5JxvPwt67Mmey,2017-07-16 12:33,67500,P2PKH,304
1ChCUX4CDvrb6vXyU494ZQpYVXHpaKB8bJ,2017-07-16 12:38,67800,P2PKH,305
14CAgaBe9fWZQYSsag77igLh5vsP7reawB,2017-07-16 12:47,67800,P2PKH,306
19fLoD4ZgraagRnnJPW1tQ1Qov7KLDggVa,2017-07-16 13:15,67800,P2PKH,307
1Dzc8WfdusyGYPNwJiuxxustdRAQCW7NEo,2017-07-16 13:15,67500,P2PKH,308
199BPaBY6hQJhKpzaMHTwC3DBBzLyfYM7G,2017-07-16 13:21,66900,P2PKH,309
13dTn6hCo6H2MJcLPG1q1ZVBHAkDV55CNH,2017-07-16 13:30,67500,P2PKH,310
1D2gn6FkZzS2LYR4msjexMbbeXME4nbJuX,2017-07-16 13:37,67800,P2PKH,311
1J6qu8QxAqnVD61zn9kvMuSQsTiLqq5qkU,2017-07-16 13:46,67800,P2PKH,312
1KJvokAuPdGwfFnkvSpdfNBY8wPEXxBA31,2017-07-16 13:52,67800,P2PKH,313
1EPbMWtNMrs5AsvPYGMbu63nUXegFr1W5t,2017-07-16 13:54,67800,P2PKH,314
1PkgF9pBh2smpfiqRwumMj5ceYab5dpyfo,2017-07-16 14:03,67800,P2PKH,315
13RXAzkVDmeTYbzMQxdGnUfMAUw3mKVc8q,2017-07-16 14:06,67800,P2PKH,316
1D8BwRpV8hUv8y1g9MD4FL8D42CaaoX3S,2017-07-16 14:11,67200,P2PKH,317
1372XRswNJZwr92VhxU8VzWjzfGffqYPQR,2017-07-16 14:19,67800,P2PKH,318
1NejUJv9XtaWb8vwZ1chRUuy2JhbdPexve,2017-07-16 14:26,67500,P2PKH,319
1ASjWMncAEWxbUmLaQyHcGhZVVmaaAiyuT,2017-07-16 14:46,67500,P2PKH,320
16qQhcYWiytX7JYzZfyPWgP96CK1H2WFEq,2017-07-16 15:07,67800,P2PKH,321
172KhvFzTEn8pKY3F2Are1836VArfEBDiy,2017-07-16 15:47,67500,P2PKH,322
,,,,
1CGwKSqa5GSvaBuobyqW2THxVcTFVefKY2,2017-09-01 20:24,67800,P2PKH,400
1G7zVce2RT2CwLTaroh7EUNBBpJL2VzsnG,2017-09-01 20:38,67800,P2PKH,401
142t2hTZemCjEzj6ZdN2tvziG1sfXQryFL,2017-09-01 20:57,67800,P2PKH,402
1GPsMu6NTN5Qg3PfsAi2RZoo8GiaYqFZPS,2017-09-01 21:12,67800,P2PKH,403
18EVD4RDipF5hj4DMKGSksFpkDmG7F42U2,2017-09-01 21:22,67800,P2PKH,404
1P5ppimsJKY427Vu8wmpSXsaj378ruk8LJ,2017-09-01 21:52,67800,P2PKH,405
1DPc13yM3g9aqFgMfNMEkn7vUptv6YmDAk,2017-09-01 22:04,67800,P2PKH,406
14rH3L1qx3HTdSHJ5cXouMTgd1rwSPLAyK,2017-09-01 22:34,67200,P2PKH,407
1JqtipuNHJvNnJWtjPspeLAgboCC6u2rZf,2017-09-01 22:34,67800,P2PKH,408
12cCM8ZYW7sR6QCyr9bBsdjY2adJUWTNjF,2017-09-01 22:52,67800,P2PKH,409
1FnwuQgKMHoVpXa4mXw9xzH82oh1BUXqGn,2017-09-01 23:19,67800,P2PKH,410
1DVL7FMyzGhgsg1VKgHwRUPBorTybPCmbL,2017-09-01 23:39,67800,P2PKH,411
12su2ybb8odnVSLr58zazJoCgnnb2uSwFv,2017-09-01 23:44,67200,P2PKH,412
1DdJSQqLtJw3n51ZsmJ4tPTF6Ea458cFLV,2017-09-02 0:46,67800,P2PKH,413
1Bgye4zfhSFo2nrdgrjacUEn5XiFPpMd1U,2017-09-02 0:54,67800,P2PKH,414
1HaRi2Zhgxk3WAdc7KJFp3ZsESVnToukCR,2017-09-02 1:07,67800,P2PKH,415
13jdRoKTPBPK2rWwqo934a3BA6HKvc6mFw,2017-09-02 1:20,67800,P2PKH,416
13ze9afwFemqxeTzQt589bMRbfYy8Bd4sq,2017-09-02 1:52,67200,P2PKH,417
1CMMcQWenJ7UQUTNUbRenbYwRDS2BJwS41,2017-09-02 2:14,67200,P2PKH,418
1P2kBk8Dw5rTc3G2nWWLDNaWhTexNe339f,2017-09-02 2:27,67800,P2PKH,419
1N84rrt89rS7jYMXRiyU79c25NuwZ3r1SR,2017-09-02 2:45,67200,P2PKH,420
1EvfvXp7MQhhd7f9Lc391AZ6qAxw2ZWTan,2017-09-02 3:20,67800,P2PKH,421
18L277tmjQ6xmENMsGuWa5g1hnauHkf2hy,2017-09-02 5:21,67800,P2PKH,422
,,,,
1PYeFkUGEqKiCPFabyfbSPBEHj5x1RymdV,2017-09-08 21:45,67800,P2PKH,500
18a4KgeHPwjcJPCp5byJ5P89bj67iDxFTp,2017-09-08 22:16,67800,P2PKH,501
1KH5ZiFcuvpnWT8UkjZmi69rmxjS7ZfYff,2017-09-08 22:34,67800,P2PKH,502
1NrqVAckDwtbs5g7JJrmmCaVi71Aa6ejna,2017-09-08 22:58,67800,P2PKH,503
1PBGNyrokoLLpqCbbyynjh5pLg7o3TMZgb,2017-09-08 23:24,67800,P2PKH,504
1NJ6hmSLtYTvMBti84934GzsEUjeudHPpU,2017-09-08 23:59,67800,P2PKH,505
1LTiUVuM8Y7rrYQGd3uhzZ67KxPs1c1uFc,2017-09-08 23:59,67800,P2PKH,506
1PV29G7x9uCTNSSX4arKSfm3SREK223Kj,2017-09-09 0:50,67800,P2PKH,507
1BzDRK9oR2uRcXeWHQnupHemLsjzaePFjC,2017-09-09 1:03,67800,P2PKH,508
1Cdfo5eoxBZvi3sgdCkiYhcS5WisbxzEwo,2017-09-09 1:14,67800,P2PKH,509
1Fmsn3EcqRnsxZj88Sw18z1w9bSVf131Ti,2017-09-09 1:41,67800,P2PKH,510
1H8htxXdWqbhK5KED2Kd22LZrUpymMwxUE,2017-09-09 1:41,67800,P2PKH,511
12qthxiJJ4S8TQuitWykQk6CuharVJqSNr,2017-09-09 1:47,67800,P2PKH,512
1GweJJvCT3FsEEBFgVwNsrycGnB8VWrHhK,2017-09-09 2:44,67800,P2PKH,513
1JfCoBun5GNn22XxBeVXcK3YCpgaA2G5RA,2017-09-09 2:53,67800,P2PKH,514
18nSiErkpvWUCr7fwNS3ZBLZ6u5UFo3Jsi,2017-09-09 4:16,67800,P2PKH,515
1CURCQkjzvn8ajwD9uzGVfPEv1d2DQmy7B,2017-09-09 4:35,67800,P2PKH,516
1PwbJkza3rzM4vdaWAKbEPJo436QnSjpjo,2017-09-09 7:24,67800,P2PKH,517
15MoSJno45xjat9YCETMT1Kr7FTrCsWGEs,2017-09-09 7:47,67200,P2PKH,518
1PSeezAKxrtKwWK7fE8BUcDRBkM83DKYfA,2017-09-09 8:03,67200,P2PKH,519
17ZWSkA9NtS45rRNqPWKYoJDrhr9se2csD,2017-09-09 8:19,67200,P2PKH,520
142QSzAKyC2J9nNzsHLuWzXmCEhwJWacRy,2017-09-09 8:37,67800,P2PKH,521
17pV3uTZQixzyuHMXiVB3tuDHVFJnPbfjf,2017-09-09 9:03,67800,P2PKH,522
16P97VfJoiqdhvq8Jo9mYHyrPTcDTDgcuP,2017-09-09 9:19,67800,P2PKH,523
1ARrJcn7aDhMmdmfe1QuTVXpRYkCiruTpD,2017-09-09 9:26,67800,P2PKH,524
1Hqiupdj92K7nPe8bLzZv4iVybfkPx5xmN,2017-09-09 9:57,67800,P2PKH,525
1LXki8mE3N3z5o2bP92iwDNRVELrkbHcne,2017-09-09 9:57,67800,P2PKH,526
1Ct9nuKeyJUTBfGXtDEA2fcLJiaXsE83Cc,2017-09-09 10:20,67800,P2PKH,527
1Crp6KicmvwCxqd2FTj2jPs9eG1sFXB4AZ,2017-09-09 10:57,67200,P2PKH,528
112Hg39KQXECSbmizqqtbSBXTYjfXuGvzo,2017-09-09 10:57,67800,P2PKH,529
1BYttrFPFfSxu7PZkQWHJX7wshPa2NpdRJ,2017-09-09 11:10,67800,P2PKH,530
1E1geLbUJEdcanQxoE4txFYfyeBKFkRGvb,2017-09-09 11:18,67800,P2PKH,531
12ZBf956tAEPESZ331o8Zahx6fwjJDwAVP,2017-09-09 11:26,67800,P2PKH,532
18wgXiwLt3DMKjaDSD3FGd7UUtMdfCE4a9,2017-09-09 11:43,67800,P2PKH,533
16aetc2HGk9HuJzxJHVRqNFEyYRRLRmQq4,2017-09-09 11:43,67800,P2PKH,534
1Mk2mbaY9fnEH8vu4SHqde3BsAFpgEjKcj,2017-09-09 11:48,67800,P2PKH,535
1FaYN9kqABKFsgf2GT3TU2CdcdXazGfDh4,2017-09-09 11:54,67800,P2PKH,536
1E71m76kmRxWRTmTNUG2PbyZG9BfyZUuxa,2017-09-09 11:59,67800,P2PKH,537
1PhxT7LgL4Vis2RayCRDyCuLUCeSWuWYT,2017-09-09 12:08,67800,P2PKH,538
1Hw8tGG1mZmn6mQqfroP2xTzFD5piMuguF,2017-09-09 12:24,67200,P2PKH,539
1jgQcPqe6Bjxjm4L1ZTqhtuefxL99pyA6,2017-09-09 12:25,67800,P2PKH,540
1PeGe7TDkKpYyiTT2M3nCyXYMwursuGRB5,2017-09-09 12:40,67800,P2PKH,541
17ByswS4Eu9Nh5j47o1qwHRpejp5MYA5r2,2017-09-09 12:42,67800,P2PKH,542
1wSg5NpsJvd96fpLRFEw12MAocsQcJ16j,2017-09-09 12:57,67800,P2PKH,543
1EEMZQc2HEQ4pvbYdkCAKEhy1ch6sPnvaZ,2017-09-09 13:04,67800,P2PKH,544
1P7h4PKZpXt7zRkaJSZ9Stwxaxscd3mWrM,2017-09-09 13:07,67200,P2PKH,545
12WTPd8KNesPfLLrQtYh47KCK4yAaWbJ5F,2017-09-09 13:34,67800,P2PKH,546
148zUDWnCx7DHQqeGjFBqWsowS6PPrJKVa,2017-09-09 13:34,67800,P2PKH,547
1FTAWtDX7W8U1EhDSwCjAenbeqLP3Rov9J,2017-09-09 13:53,67800,P2PKH,548
1Cdib49QdNd7Shvh1CqNC9wydA6qvrQZdw,2017-09-09 14:12,67800,P2PKH,549
1AQiRzDXnRYeXXoKoGCz2r5kKnjwjLPwLr,2017-09-09 14:22,67800,P2PKH,550
1LYGwCUaYHBMwESQGrputaBmdGMhkY2KSK,2017-09-09 14:27,67800,P2PKH,551
1BTH7iyDo2vQNfh2qu1NQhSaXABwYzjH32,2017-09-09 14:34,67200,P2PKH,552
1CTq6rgKhnLYB3XZZCG6BE4aH6tg8HRp5G,2017-09-09 14:41,67800,P2PKH,553
1Br3stqUuREmYizHoPdPfDnJUYkVYjv3jP,2017-09-09 15:06,67800,P2PKH,554
1GCpUh4MLWJoyLAQk6eaMoBE8641ft1i7K,2017-09-09 15:06,67800,P2PKH,555
156Tr568KM1mrpBh3NyB6zQN6yX3WaA1Yh,2017-09-09 15:06,67800,P2PKH,556
18H6ob3ddzQcEna42JwEdjs5TmyM8tXJQb,2017-09-09 15:06,67800,P2PKH,557
1M2msGPAQ8QKZenzoeMrrcrpQMZvDhSXoe,2017-09-09 15:09,67800,P2PKH,558
1ALC1sFjgfXZanRopKk74AdwWJobNaPetp,2017-09-09 15:11,67800,P2PKH,559
19o9RnHvqAE2b1PJYhfdUkCtDdotQxCEEg,2017-09-09 15:28,67800,P2PKH,560
1HdHgEZJtdLUvfKtTz53mq4oXSiTuM88Ec,2017-09-09 15:55,67800,P2PKH,561
1ADXEdWqHn4duzxzxCzVGxE3r9vACDS2Yh,2017-09-09 15:55,67800,P2PKH,562
1N82Rb8TJeM77WgzoQMapSMcpMPkWnhACs,2017-09-09 15:55,67800,P2PKH,563
18cTyeoM4YLsXk23Zarj4CWdH7bDncZiVf,2017-09-09 15:55,67200,P2PKH,564
17uxFT6YiEdkUdBTpBEuzz7Y9UZExDxL6o,2017-09-09 16:04,67800,P2PKH,565
14e2ynq7NESuErTYYiLutaSLuhBVTTTzU3,2017-09-09 16:04,67800,P2PKH,566
18Jk5t6pfzC9D8spFQksHCMouHHnPzvP9p,2017-09-09 16:07,67800,P2PKH,567
1Pnxh6DEy8TTrj82zBi1m3iqhCqZv2SkJA,2017-09-09 16:20,67800,P2PKH,568
14aV3f1DfxhxX6Rmpf9oQqEih2QvJE6azt,2017-09-09 16:22,67800,P2PKH,569
15soYFJUhbhgqWpsV1t5h4aJxY3yMJhMro,2017-09-09 16:25,67800,P2PKH,570
1KnaMNMG8PuA5smopgtP5mr3eurcLeddu1,2017-09-09 16:32,67800,P2PKH,571
145xFp4ZUYNpksZ2UbFyNaFRdmxXrHEfWi,2017-09-09 16:34,67800,P2PKH,572
1P23vGo38eHAfAHZc3DHPrmym1HzemmNYM,2017-09-09 17:14,67800,P2PKH,573
1HVELeBqkz9koJ7Kvtbyfi7wARR2y8q4Pi,2017-09-09 17:14,67800,P2PKH,574
1GoMESRk82rB3Rd9Ag8zDoPTFtc3KRcvK8,2017-09-09 17:14,67200,P2PKH,575
1L7N7U7L4tsdGGTeACrwgWKnay3d7MzsLg,2017-09-09 17:14,67800,P2PKH,576
1PTgsyShn1WDSrjLeuLGgq8etx9RAzrVRW,2017-09-09 17:16,67800,P2PKH,577
143G3kzrfENLCXR63BdmKPMTMkbewEBYs2,2017-09-09 17:19,67800,P2PKH,578
1G7565JXR9A97hXJTRVJFBywgmHaP5k9Lr,2017-09-09 17:21,67800,P2PKH,579
1BQ3RQYAnq2KABkAEbMGhoKP9GPByzQc3z,2017-09-09 17:31,67800,P2PKH,580
1CUXqmuu6KfqVJnNw29E5cx7W2KP6svLER,2017-09-09 17:31,67800,P2PKH,581
1HAHzUr4eoXAuVYT1zVcRUuuCwLsKQjNFi,2017-09-09 17:51,67200,P2PKH,582
,,,,
1A7WfZasYHr6WSFj6dfyX4bieUaE5ieaj6,2017-08-25 20:27,67800,P2PKH,600
1EWbZ4nLVt2y6Z5d1xUF52Jy55cb5xbmAN,2017-08-25 20:27,67800,P2PKH,601
16pe8X2mwfifLWwF14rigrHi1SAwkzEiwb,2017-08-25 20:27,67800,P2PKH,602
1HGr2Dmp762rDNbGFwd97YQZr4kSxmTBZk,2017-08-25 20:27,67800,P2PKH,603
1BoPuQLLejJxA7uRySyvFUgc3TbuQCLYcU,2017-08-25 20:27,67800,P2PKH,604
1GA5KS8KZqsVM8XykGq4zeAfGZSxtMnqUk,2017-08-25 20:27,67800,P2PKH,605
1MWv43im5QKLFzADo4ZPeW5gw9REkKhUL3,2017-08-25 20:27,67800,P2PKH,606
1ZkSWuH23nUWhoQ4hMAGWZXXU1TA5GGc5,2017-08-25 20:27,67800,P2PKH,607
1Fpjr8y2EiLLtyUH9aiAjgSiqPYe2qUNra,2017-08-25 20:27,67200,P2PKH,608
12NpZR9gNDNfAK9ULpqyRTVXqJEajRfSHd,2017-08-25 20:27,67800,P2PKH,609
1EEJyafyYJNq4k9pqeRFL8Rs4NaMYcfbBR,2017-08-26 15:39,67200,P2PKH,610
1CoeWB9jRCT4ttKXYrHwgaLb39rd99pKuV,2017-08-26 15:39,67200,P2PKH,611
,,,,
14bNuG4WhpCjHr9XtsbEQK6dBk3seMebm7,2017-08-28 22:56,67800,P2PKH,700
18QGLeGPvpNUxi2tAsXy9793BeU5C4LVma,2017-08-28 22:56,67800,P2PKH,701
16DEEzPV5dFDMHATYVZPYs5FW5uKS6qW5Q,2017-08-28 23:03,67800,P2PKH,702
15Cbbhz3gBgdTteB426wGixbDCHZEZc5Zp,2017-08-28 23:11,67800,P2PKH,703
,,,,
19JTyZxsm6dxXu8TWXNFDg4CrajMPaNJzB,2017-08-14 19:13,56500,P2PKH,800
1M3CuMywXDLp8JLaq9hHA1rxptgNLpjDhy,2017-08-14 19:13,56500,P2PKH,801
15fNcgzekZBRKf2KqgpabfKweMcWNa3Xc1,2017-08-14 19:13,56500,P2PKH,802
1MX4NBrZPTB4w1a5h7W18N3R4TCh49P91R,2017-08-14 19:13,56500,P2PKH,803
1PUFmTqyDveQP2UV5k1jYFCiTrW7DGjPc,2017-08-14 19:13,56500,P2PKH,804
13Bqjbu4PUn2dmiV9T2X43Zmn524DAym6b,2017-08-14 19:13,56500,P2PKH,805
1JULmqULpePJGjmxsPDDzvzCh9UB3p3LTQ,2017-08-14 19:17,56500,P2PKH,806
1CBjwoWXeMBkE6KdTXkzzdLq2obqfHwEJN,2017-08-14 19:26,56500,P2PKH,807
1BRcKsfKCSpTjAPPJ4QfFVxJdBjShNPAiT,2017-08-14 19:28,56500,P2PKH,808
1HpdpLHjD2PCaZgF2K641PqgrjFom2jrcq,2017-08-14 19:37,56500,P2PKH,809
1NSeU1dL1f3YkY2T3JQAoXujnhHK88RvyD,2017-08-14 19:47,56500,P2PKH,810
14TsuLabGCNfJ4kC3seDgRWrZuU2eajjJP,2017-08-14 19:58,56500,P2PKH,811
1F2cvXFjPeCVTEtqpzzVzqBsjeZukcXYuo,2017-08-14 20:02,56500,P2PKH,812
1NVtQcGKqhPCw8wPMnnVUabSm4DaXkmzwu,2017-08-14 20:05,56500,P2PKH,813
1CNdn6Ea3wAjFygMcP2gnGYjafVNAZL6bU,2017-08-14 20:36,56500,P2PKH,814
14FSAbcVvQCAkL4twB1a8Ew9Sdwa7c1bhX,2017-08-14 20:36,56000,P2PKH,815
1KMxNVgLUt47iV8QYXP75G26QeXfC4z1R9,2017-08-14 20:36,56500,P2PKH,816
1LDJPhT3MNEvhuT6Hk7vB64cpAZypMuhSx,2017-08-14 20:36,56500,P2PKH,817
16mJQR1ip88uXRVeWjxKQUnHHtGSc5MbFF,2017-08-14 20:45,56500,P2PKH,818
13a9DceTdxi55LfsZzJePn97voWHe8NNof,2017-08-14 21:21,56500,P2PKH,819
1HKiPwA85ZpPyZiWumeRUEbZ8efaMg5EuV,2017-08-14 21:21,56500,P2PKH,820
18zHzUhFfVyqcifij1tURUde64hLWw2hNe,2017-08-14 21:21,56500,P2PKH,821
17rky8sZsMTnmspkpBuNNsxLZMfvQkf81S,2017-08-14 21:21,56500,P2PKH,822
19VttKyP5KuXtd5U8hcq2eEdZU5ELcacPd,2017-08-14 21:48,56500,P2PKH,823
1HcvYyX9HPKQuTxifRH7WNXFGYAu3vFNt,2017-08-14 21:48,56500,P2PKH,824
16u3i3JVxmPvTMvRWsNGJ85StsPkn283fP,2017-08-14 21:48,56500,P2PKH,825
1jxj1cjKGyw6duhvNQtxdkBDJaS7Nc2c3,2017-08-14 21:48,56000,P2PKH,826
1CffGjtumVAkGf7h2329gXCmkYuZXK9sBv,2017-08-14 22:02,56500,P2PKH,827
1GVxySfGAPaZSwc7Ar7kMwTgLw2ruh8xWs,2017-08-14 22:02,56500,P2PKH,828
1Q8BAZBComBgX1VX6b7Z3JZwK5zB6zDGB7,2017-08-14 22:06,56500,P2PKH,829
12x8KF4vyGe6X14Fjgou7yG1voENtBqGxs,2017-08-14 22:43,56500,P2PKH,830
1FisWUY1HkW8FS5JR57grLKnLxKeqnUC7f,2017-08-14 22:43,56500,P2PKH,831
1KH8RJdbsGkXGhVKzAdKbxiaYz1b61dnMC,2017-08-14 22:43,56500,P2PKH,832
1PvpLYQ1NdDn18k5MKPFenkE2aWNumnGXX,2017-08-14 22:43,56500,P2PKH,833
1FYqziyam3uZ1d1DpgBLssJWtDoPDWiDzB,2017-08-14 23:36,56500,P2PKH,834
1HVRNwc1bDQHTFuozDjAqqMmfBQcccqfCh,2017-08-14 23:36,56500,P2PKH,835
1ECMCWh7eGMqH9dFeLZ5pk1ZMyjYDaAjYJ,2017-08-14 23:36,56500,P2PKH,836
1BHG7nXcf7A6s9Upvm9jLxzKFnfsiDb81T,2017-08-14 23:36,56500,P2PKH,837
1PkmXkQ3BXmatMpdKJqQejzXevxnVejo9e,2017-08-14 23:59,56500,P2PKH,838
16irAsSeviWxE1GnNpVdX14YZV4faDiHeB,2017-08-15 0:41,56500,P2PKH,839
17X36Jr8ueFo9GoXxLyF7RvZiFkujDGV2V,2017-08-15 0:47,56500,P2PKH,840
1PdzVGRoSL62CapnDTgz8v7WMiWZLBFfAE,2017-08-15 1:12,56500,P2PKH,841
1K1sxFNgoEiqUBnbzNcRNXxW2YxXXnQueV,2017-08-15 1:12,56500,P2PKH,842
1LRn6CCZaFmqrDvQA6keEZVQNeuFhKV2rg,2017-08-15 1:12,56500,P2PKH,843
inputAddr,TxTime,Fee,Address Type,
1AABsVPPRHH7CZ1SKa56xwG2BrdNZ3FMoE,2017-08-08 14:15,56500,P2PKH,882
1uzWkZKhix3xiAnXDBJVfkve16cTtN9r5,2017-08-08 14:36,56500,P2PKH,883
1R5aUyFMtmJ77F883ag3YE1xT45HS4gpy,2017-08-08 14:57,56500,P2PKH,884
179x6qcB18Rf9ZRVapzF2qcWUTMb6fERzp,2017-08-08 15:13,56500,P2PKH,885
1MCBedFk2TULR5sk56uYPqW4RD28G88k7U,2017-08-08 15:43,56500,P2PKH,886
18P7qJpcPTsjpg6qpCzAMZMW6HskJtKdS3,2017-08-08 15:55,56500,P2PKH,887
1L7Xfpw5QFocmpBCLMsFXBsk21nBndfaoE,2017-08-08 16:13,56500,P2PKH,888
14j2KE9wZ1s5cFyRj6zMAdHsBKy4YS8656,2017-08-08 16:45,56500,P2PKH,889
18DdZwLqPgHTkADncRbKXwfVrxejF2fJBz,2017-08-08 16:45,56500,P2PKH,890
1EMbtNyCDGeLzcKUhgQ88AoGaavbxkB7cZ,2017-08-08 17:32,56500,P2PKH,891
1LynAFHE98MK5X2v3ZbNg34YiDcgRugKWt,2017-08-08 18:20,56500,P2PKH,892
128GusLLyVBaLzMhdFXbx99oNyLNbXuKeC,2017-08-08 18:35,56500,P2PKH,893
1Fi7xZnXd6iSSfS9XWs7xPoBY2Kh4d1Rsu,2017-08-08 19:03,56500,P2PKH,894
1XZGtPxQfJ7TeSVoL1dz5w98Z2jBooV3S,2017-08-08 20:29,56500,P2PKH,895
1HepAFjgK9LWTkKy8iMrAFgyKnkzaFxPTm,2017-08-08 20:40,56500,P2PKH,896
1JUR3CF6R6zDe2XRHyV6Dp9hz5rpkd3reD,2017-08-08 20:57,56500,P2PKH,897
188ubSA682CZtrPkDSPzc49oPzSxmub8gD,2017-08-08 21:48,56500,P2PKH,898
1D6oe6WZ3yk4Jq2g2XBfxHu43ecLesZCZh,2017-08-08 22:04,56500,P2PKH,899
,,,,
1MX6jbuTmXAs79q2oNVhp4vLNJ3EEHEGZe,2017-08-13 21:37,56500,P2PKH,900
1ANwW5Qg3gF8QgYPChtLDpsbwk7KYawKr7,2017-08-13 21:48,56500,P2PKH,901
1Hj9vsYkWdpbRUwuCnnnTSPPmmqxaARSPp,2017-08-13 22:06,56000,P2PKH,902
1LAeA5dYxQppaHUWYvGagfpcxXBwDirCjo,2017-08-13 22:18,56500,P2PKH,903
1Az7RRfgzRPMpbKdCWa4GKduq7RvptK6vB,2017-08-13 22:38,56500,P2PKH,904
1MF6vb9B87ePs4CL9PqFLpaMswprHScjHK,2017-08-13 23:15,56000,P2PKH,905
13dzZ9ZYgZ4Ly69F3zjb1ey4RvFGJs6HhD,2017-08-14 0:46,56500,P2PKH,906
1DqdgqUGpoizsXJLx2y1woiN8PRwezxvDA,2017-08-14 1:05,56500,P2PKH,907
1LD3VjWqX4iNbNdbdCNuS3P7753GZFxLi9,2017-08-14 1:38,56500,P2PKH,908
1MbpGCw9qrXssp9u7LSeN4A5mDdt3btPxP,2017-08-14 2:27,56500,P2PKH,909
1BWcP6AJ412uct8Vbi7qxNM9rH23cxBfmU,2017-08-14 8:34,56500,P2PKH,910
1rnWgD5M7QJRV6hn9BSh7GCE6XtZNFE5m,2017-08-14 10:38,56500,P2PKH,911
1AGhbyKAuMXJYNnFWHZXpwhQYmqFF5eqPH,2017-08-14 11:00,56500,P2PKH,912
16rRbqjfM2rsGrDG3ieHQFEr8ZfGiUGKsu,2017-08-14 11:12,56000,P2PKH,913
1EFmQjFEz1oUygM1mXLTfUpEnmSheQFj5r,2017-08-14 11:47,56000,P2PKH,914
1Lr3s5GjVVfYsCcwVL8M4WBAztGkbkEnVx,2017-08-14 11:47,56500,P2PKH,915
1Gnw8Z58onrowFYP8uy5g67WAGZsPMhBNY,2017-08-14 12:11,56500,P2PKH,916
1GZPj7RAFQsgRUcYmYXzwCKpmw5NTGW5u3,2017-08-14 12:33,56500,P2PKH,917
1H5qqSXYSy3JGbRChXEFKwBoVdxmGEpLyf,2017-08-14 12:51,56500,P2PKH,918
1JujXj8sNiL2dw75czXTSKaPKwec6bfABi,2017-08-14 13:13,56500,P2PKH,919
1FFiT1M8NYG3L1FMc3KfLQ4LiU8b63jAcb,2017-08-14 13:25,56500,P2PKH,920
1JpLGE5rqjWBKDtiQXa4W5MEaH5BXhQ8Hj,2017-08-14 14:12,56500,P2PKH,921
17pTbssepzKsUC3Z1M96cWsS6pzHp9pFHR,2017-08-14 14:43,56500,P2PKH,922
1AsYe4KH3Rh1W2mC3DkNkjJuSahdXigToN,2017-08-14 14:59,56500,P2PKH,923
17yc9bz7rvjsUsapaBHr4sV3aTnUdVu4kS,2017-08-14 15:45,56500,P2PKH,924
1Fgvjx79SfUjyGWb8z8RM3XWBhhbUg1zx5,2017-08-14 15:45,56500,P2PKH,925
1MEvQ2KdMKqx7HSHdCnN6VDjsECtmB7KAq,2017-08-14 16:07,56500,P2PKH,926
1EuunQkfTzAo9StZc4hA4vK6oKAF3opfWg,2017-08-14 16:07,56500,P2PKH,927
1AT8pUbbzF87iNY97JMKKFwC8Y7E1i612d,2017-08-14 16:38,56000,P2PKH,928
1BnLxHEs6P5pZoEJk66vM9U8kkjQ4fhLkF,2017-08-14 16:38,56500,P2PKH,929
1246BxzADWYYMeDvghjFz1RNjGTuiQHFHs,2017-08-14 17:54,56500,P2PKH,930
1G29yq4fAAhka5wqSutyvdW5o7ABQQKzjw,2017-08-14 17:54,56500,P2PKH,931
1AtLEMTrFLtFXn5P78P9teJKQ819VkCgAT,2017-08-14 17:54,56500,P2PKH,932
1CyvN7UxooRuojJmb94xENB251dv8KPoFn,2017-08-14 17:54,56500,P2PKH,933
1NbRBnhDSWx7ye2nCPEMLtgQyrYnMVcFY8,2017-08-14 19:13,56500,P2PKH,934
16ZGker9T3wbzY2kgKHrUDQZ4kyKi15nwc,2017-08-14 19:13,56500,P2PKH,935
12GRRZercg7sEs7q71zQLFP9v9BNoqTXbd,2017-08-14 19:13,56500,P2PKH,936
13srev5fPiGi9iE4NawMJotPYpAZyp61Sy,2017-08-14 19:13,56500,P2PKH,937
1hZUDyu9NpkR4spgdxC6eepBfZF9fDYwi,2017-08-14 19:28,56500,P2PKH,938
1PYEYXATN9HjhJnNgLnCFAx3kSxeyNMNNY,2017-08-14 19:58,56500,P2PKH,939
148cEoF9zYYD6GNsTMdZ55BDVA6HNXMk2q,2017-08-14 20:36,56500,P2PKH,940
19rvUSaGqDBgkpmwQMX9ZZWxEN7A3VXxwq,2017-08-14 20:36,56500,P2PKH,941
14yNDdUrTihrfwatpEEt2MTMLrkLRcxUgG,2017-08-14 20:36,56500,P2PKH,942
1FMXRv9X7X39FmbNHQrwZLJYYUGaakX6kU,2017-08-14 20:36,56500,P2PKH,943
1DDWuxDYDrEbSrcQoBMgyQy6s6EdjM7fSY,2017-08-14 21:21,56500,P2PKH,944
12YhPBZKvLAWDCQF7NcCQrRu92CX5XmM3D,2017-08-14 21:21,56500,P2PKH,945
135ChT4ahFXqy38ABwFAdYVLY3m7Vmv3A6,2017-08-14 21:48,56500,P2PKH,946
1MmAJ7mK6FFyx6ahgEr2HLY4nKmpEtiVWC,2017-08-14 21:48,56500,P2PKH,947
15yNGV4SnyvfioAG4uQfT6ZqMWGaBk8nAn,2017-08-14 22:02,56500,P2PKH,948
17Uj7BgLViSvFSLsh8Vr91JAHGmZcYX7Lw,2017-08-14 22:43,56500,P2PKH,949
1BVEt8kv9Zfmkfr5LmJwUVu4Z5Z61BGGEq,2017-08-14 22:43,56500,P2PKH,950
149YuTbt43YgJFY2XsWSVmrtSz9CdBVK8V,2017-08-14 23:36,56500,P2PKH,951
1J6WhHtdE6oWxi8DSHhh1ZD7dDZ6SYHV7T,2017-08-14 23:36,56500,P2PKH,952
1LnpT9UeNhmLxyG9jhceQ5PHZpirAKapxE,2017-08-14 23:36,56000,P2PKH,953
18t3jmw4zn6LZ6LM1LWndysinA9Y7vSZRJ,2017-08-14 23:36,56500,P2PKH,954
19ThG2X9EV6gy59c6Ycso1EhzCdcA8rsVA,2017-08-14 23:59,56500,P2PKH,955
1VZ1rGeYdWgea3CqNxCiPcdZzjnjoRXWX,2017-08-15 0:41,56500,P2PKH,956
1548HTSM3uiRXuBAQfMZpZvqejCcM5DNVa,2017-08-15 1:12,56500,P2PKH,957
18WmYtHendJm1N17DJJ9inG2JiYKHPChUu,2017-08-15 1:12,56500,P2PKH,958
16NLh2mzmYPDAhvX1sGRwRC19dTzm5RDMe,2017-08-15 1:30,56500,P2PKH,959
194ehZKTtYjqzSo8iF771ATSQv3TUAzwSH,2017-08-15 2:38,56500,P2PKH,960
12w32ju5gDN7YbGBzewNqvNYVVpQciyvSf,2017-08-15 2:38,56500,P2PKH,961
1DfHtkxvDBvNYbSsPQn1bhHEC1bYaPvYJF,2017-08-15 7:49,56500,P2PKH,962
15rcaQnFmDDx7gV1xZyWkiKuJ6hUfPDdtm,2017-08-15 8:38,56500,P2PKH,963
16B7NBdUz6u9Q6oxFVceHTWuw3xZnpvV2x,2017-08-15 8:57,56500,P2PKH,964
199YBNqoZNPdBMyaFPRnQNMAyeKJ9it3Sm,2017-08-15 9:25,56500,P2PKH,965
1AJtfatZY79mk3KprJRviZm9NTy38DunF3,2017-08-15 9:49,56500,P2PKH,966
19aAi5EATtWfkw3o3YzqMJS4DNDiUjtDgU,2017-08-15 10:22,56500,P2PKH,967
1JhKGPquz3mkswBFQsFLoSUGTdAeZniWs1,2017-08-15 10:22,56500,P2PKH,968
1HdUP7xcCP3BK6WHovnK3YC2MHErQ7N1bx,2017-08-15 10:39,56500,P2PKH,969
1NCgFXTSHHkHitmhYDmjF1XSBKdCfC4eHh,2017-08-15 10:50,56000,P2PKH,970
132nLpxoTZ3NSQDjf5rZdQ3gao3Ge5f8PN,2017-08-15 11:19,56000,P2PKH,971
1MQFHBmMPVXMW99coUSHmXgP2x9QD4yRCU,2017-08-15 11:19,56500,P2PKH,972
14nhxcf6iMwgmEj9s71RGvuGozJFKYTnZz,2017-08-15 11:45,56500,P2PKH,973
1NXdKyu9JYyy1L883BtfysPiELG6grzTok,2017-08-15 11:45,56500,P2PKH,974
1JTTTjTBEm5iMTVuxUJRfGnZVvdjuhjFkY,2017-08-15 11:54,56500,P2PKH,975
1417LMGT9sTPZxzyyj5TxKBGqdYvyusbWH,2017-08-15 12:09,56500,P2PKH,976
15vN4ZEue9nkuPBifUpbDk5C2jV1AzQvt3,2017-08-15 12:24,56500,P2PKH,977
1DBX8JugxxkPpfKWGK1FkhAzRcDqm59f26,2017-08-15 12:59,56500,P2PKH,978
16afL9mRG9HZBd3338zFdGtzDN3ZfiEeti,2017-08-15 12:59,56500,P2PKH,979
1VacjPxr6ESbTpyvQo13txdwfCvvXdvW2,2017-08-15 13:42,56500,P2PKH,980
1EazsUcPEe7vUPfHVs2s4QTTy7JuG68MvX,2017-08-15 13:42,56500,P2PKH,981
18Dbg3CqrwfdwvjBp6vZKUYBi463yd2QFV,2017-08-15 13:42,56500,P2PKH,982
1A7V3xGK6cLhQ5geKKwSCoeAbEwrkeUFua,2017-08-15 13:42,56500,P2PKH,983
1PQCRX3DnoEScxEE7XUbtT25poDWYcj5wH,2017-08-15 13:56,56500,P2PKH,984
1EjhFJwfqjRLUuZpPJdoYqb7CsqfkWDJk,2017-08-15 14:08,56500,P2PKH,985
1Nzy9mpG2KCcT5w6Gcn114UUExdStm8sbt,2017-08-15 14:28,56500,P2PKH,986
1HQXQy7Wum7Rqvyvn6JUzyZthByFTEDRs2,2017-08-15 14:48,56500,P2PKH,987
1FUE61EvthxV8HfapDKzCb1EUEt6wypH4e,2017-08-15 15:12,56500,P2PKH,988
1FFjvFgvGSDcw16wAzETuyv8G39rWhvKUx,2017-08-15 15:34,56500,P2PKH,989
139gs1gzw6LG1GBqjnx1Px3js8rbhMjj1E,2017-08-15 15:46,56500,P2PKH,990
1PkbTJ28mwZCiMYbDVFq1nDZ1uJn5bAKLg,2017-08-15 16:13,56500,P2PKH,991
1MfHrkT1ue8fhimJdKV6NdZsGAEyFZzW14,2017-08-15 16:53,56500,P2PKH,992
18BNTocdrz9mbCwGQcQeihWJ4weE2Zqc3v,2017-08-15 17:14,56500,P2PKH,993
18NH2BkeuJZ2qCD5rq9ueoKEmR35ezcr4f,2017-08-15 17:21,56500,P2PKH,994
1KpxbnZBAsRv1cHbQ9t9J4YUqgA7NkFCBM,2017-08-15 17:41,56500,P2PKH,995
18puJNWabZHvC5ZAQkptMh9SiVQMd5xVv3,2017-08-15 17:59,56500,P2PKH,996
17aWGrzVpsBjVT2Cr21PDDVARjfFoTaX7o,2017-08-15 18:15,56500,P2PKH,997
1NeWFi3mwuXvRRpZprSNJGJvPcmC6v7YZQ,2017-08-15 18:24,56000,P2PKH,998
18MjyLj2EqeMSJd8Sfyo9vMC9ShRydV9GX,2017-08-15 18:31,56500,P2PKH,999
,,,,
14pLa356zaqMKCLvmtjCRHVwLRhhxQR8dG,2017-08-15 6:54,56500,P2PKH,1000
18Xc3oursGnaoZrRm1YRhqvsr8zJEBvQpc,2017-08-15 7:12,56500,P2PKH,1001
1B1uXH8BvQgpmE8nZGVuGb1qZLgEw3g12R,2017-08-15 7:49,56500,P2PKH,1002
19dxbA5e7qiQ5ggF577YaRkhe8P1nAENpC,2017-08-15 8:38,56500,P2PKH,1003
14zpGqBHeivcp1jCaT6PodgvLhhS6cVNc4,2017-08-15 8:50,56500,P2PKH,1004
1FwGBj3FjWLsiDQXAxew4EVnbnbyn7ndKJ,2017-08-15 8:57,56500,P2PKH,1005
1CzPRsuQPc2YipmT6grhD8LZsatENuZLDD,2017-08-15 9:05,56500,P2PKH,1006
1ArVjt35o89EEyiAiRbAjD9f6wv8yRN3EC,2017-08-15 9:25,56500,P2PKH,1007
1JvaU3bU6XgSdQUr3mZAE9JR3rLKQnWQNP,2017-08-15 9:49,56500,P2PKH,1008
12g1PREqrrWkr2VbZyh67cA2rNxJ8iHptz,2017-08-15 9:56,56500,P2PKH,1009
1GRFhSp32i2enFH4y42N9Ln4rGtrejE1ub,2017-08-15 10:22,56500,P2PKH,1010
13n5DTUNLadF34eUJwa67BJuNfJb3ePTEc,2017-08-15 10:22,56500,P2PKH,1011
13nRQTicsAmmSimkhYepDQUMFuAXDAG4cd,2017-08-15 10:27,56500,P2PKH,1012
1EyeoxwaD68vFr5qJyc1No1vwbMAsRcrXj,2017-08-15 10:39,56500,P2PKH,1013
15V6QSBCCKTobfepzF3nngUEp3nGB27hft,2017-08-15 10:50,56500,P2PKH,1014
1GoTag5EbqUa2ttiehd3HXdDmbojyErk5s,2017-08-15 11:19,56500,P2PKH,1015
19xQ4cbP19K6vwEWQjkTFY1k4KfRAWmefG,2017-08-15 11:19,56500,P2PKH,1016
1ETBpzhQjntskzhSkk7xajqXoi8j3WfZax,2017-08-15 11:45,56500,P2PKH,1017
1AUzYr6kbA2fFxQd7Sqojw5rcVTu7SyN58,2017-08-15 11:45,56500,P2PKH,1018
1FYCnHCuAYjpjDAQoCGpErVK9DkBHeVLdG,2017-08-15 11:54,56500,P2PKH,1019
13NNZE9jtUfds4yfYaeRWxCjfnjqV4xqFV,2017-08-15 12:09,56500,P2PKH,1020
1Np71U2zBeoeoxEVjHpi7MmErs1zxGhAEL,2017-08-15 12:15,56500,P2PKH,1021
13bKgCXXzyJfsNQ6AwT7kPJzhFCty1icYU,2017-08-15 12:24,56500,P2PKH,1022
1dLsGqxDduGTnYiW1AFxvmeXUXncCDU5Q,2017-08-15 12:59,56000,P2PKH,1023
18ELDCLqD1QtVJTzmxLqncK3xnK2U2rYy6,2017-08-15 12:59,56500,P2PKH,1024
1BrEC7NfSsFNXcK3s1MZQQSmfcfQryLMcx,2017-08-15 13:42,56000,P2PKH,1025
1Kocq9EikRWjjsDNbNDp59njGeGPiSaaoF,2017-08-15 13:42,56500,P2PKH,1026
1P9Wm29zypXWWTvj5iQSXDXuRT79ZqDZHn,2017-08-15 13:42,56500,P2PKH,1027
17FE1ocKQdDWMYRnhoVc3SizEoNKzyLVWa,2017-08-15 13:42,56500,P2PKH,1028
19sjRNoXCV23HPo4fY6N9tzz5ry2rXfGT9,2017-08-15 13:49,56500,P2PKH,1029
1KNkbSMeF9498MPQ1crYM6ADQAkhfBEQyn,2017-08-15 13:56,56500,P2PKH,1030
1Dp4zu9KJj65wAaqbr6LXEBrirodvWSa1U,2017-08-15 14:08,56000,P2PKH,1031
12RqMpXPpxm2RiyzxLpqe8MMHD4e4gMaEe,2017-08-15 14:28,56500,P2PKH,1032
1AGyfzVbBWNfvtSeTSd3YjjG8RymZtVB8W,2017-08-15 14:39,56000,P2PKH,1033
1PRNhriXxbkdtvDgvRexN3XAdUpiseYp6z,2017-08-15 14:48,56500,P2PKH,1034
18J9ckbAJdQp5k9UQrBDnu7qs28MaEbdTP,2017-08-15 14:57,56000,P2PKH,1035
1J8iQmV523Tc4PNgLraRmkBEX2miHwNHWL,2017-08-15 15:12,56500,P2PKH,1036
1Pmych8AnbzSV1v4qoxgPrBVSsuHokVMDX,2017-08-15 15:34,56500,P2PKH,1037
12bbq2bNZ393ZxkKmmFPGHYN18CZjBeRji,2017-08-15 15:46,56500,P2PKH,1038
14ngjARTuexpkrJuHK1oqwzGwokHMmVEiY,2017-08-15 16:03,56500,P2PKH,1039
18qqnaypdePNZtZtz44Zek8G5zETxUpFgR,2017-08-15 16:13,56500,P2PKH,1040
19W5ap83UMd8zoLpCUQkrdZqKt9VqQ9SFP,2017-08-15 16:29,56000,P2PKH,1041
1BX4j6jZdriip1GDG6KZd9cFdnEJsjaxfS,2017-08-15 16:53,56000,P2PKH,1042
1CVeEFoZ5Z5d6i7k7o6mLNQWivEZzmyC5H,2017-08-15 17:14,56500,P2PKH,1043
1QB2c3eCerWwMvNdUD4MqKj3c6anrk2dso,2017-08-15 17:14,56500,P2PKH,1044
1DEARfiyrBgPW2yzr2BbfiQWUY7bPQ9ZcB,2017-08-15 17:21,56500,P2PKH,1045
17Z88oBtmbro8Z5BAEisZXTNrd2K6fBTex,2017-08-15 17:41,56500,P2PKH,1046
19QKfupDDHjmZ3Pg4NH6UpAKX18Mw38EuK,2017-08-15 17:45,56000,P2PKH,1047
18nsRMqvRA5RnWWwk6A1qHnECxs4YVkKEQ,2017-08-15 17:59,56500,P2PKH,1048
1CwHGQCzT1Rzgw1Rdbe7tCiH6CssKg2jiX,2017-08-15 18:15,56500,P2PKH,1049
15YVSbUapjco8WvnSj2ZQn3KzP2F8BVpGK,2017-08-15 18:22,56500,P2PKH,1050
16x22kZ9bUzmtu9gs3KVscPWmFJFDzcpfZ,2017-08-15 18:31,56500,P2PKH,1051
12e6n2odkYAJPaPnoVY6uxuSExAJrxVjVU,2017-08-15 18:53,56500,P2PKH,1052
12PcRjwVVRF1WEUCjL4CD4bpKtErKC2tdP,2017-08-15 19:04,56000,P2PKH,1053
1FhoB3UzFWbDVRZPtJxzUKGcEYacVVcCUF,2017-08-15 19:33,56500,P2PKH,1054
1NDisyk9R9tbPU17tmURHTkV8eZDweWTKu,2017-08-15 19:39,56500,P2PKH,1055
1PU95XdP8WrAxmcxVGXB8Vtkb1HC2F4sHD,2017-08-15 19:49,56500,P2PKH,1056
14m6GVb2wjzY33uB29Ub4g4xvXGC98Ab6b,2017-08-15 20:36,56500,P2PKH,1057
1HFAEy7hh7i5Ac4hNHv9w9ardpT1eZA2gg,2017-08-15 20:36,56500,P2PKH,1058
1EszuoHGoR8EG4Kj4FknS6pC131PbSm2hu,2017-08-15 20:42,56500,P2PKH,1059
1B6ntqaEtQ6JYfvHrMJAr5AATu5YddnUTf,2017-08-15 20:49,56500,P2PKH,1060
1PmN6ht3n5xZiBpVwbEU9KCj8Y6LLwZCXx,2017-08-15 21:06,56500,P2PKH,1061
1DJM29ADfY5kfDkUw8FzbzX2q3Z22vs6bN,2017-08-15 21:22,56500,P2PKH,1062
1Hygz5xFZKCE21hVWuDXUTJforjvfjZV91,2017-08-15 21:30,56500,P2PKH,1063
1CrZXpbNKUf4XhZmhhytimNKvhhJ5CCFSG,2017-08-15 21:44,56500,P2PKH,1064
1MZq6zn8Hf1h4bKEf2v8u2r4xVSkxYq1v1,2017-08-15 21:49,56500,P2PKH,1065
1gETtTo2CaPdvfxB5xkbJmxP9nqSWtjSf,2017-08-15 21:56,56500,P2PKH,1066
18sWvaoNRisrUcTBqbMphDkWiWANyD57Q6,2017-08-15 22:02,56000,P2PKH,1067
15dmrjU5a1W43EExFi9J9kkSDWHQFdBC7k,2017-08-15 22:14,56500,P2PKH,1068
1QKiVxrzitnEVETvwR6C9uy3pikdT7KkDR,2017-08-15 22:29,56500,P2PKH,1069
1E9kerPMnRiCY5rdkDtzHbNJ9ALdCaWUkx,2017-08-15 22:33,56000,P2PKH,1070
1DL8dxFdDp6WpLXGMhBapZ7dw2FaqtRoQA,2017-08-15 22:44,56500,P2PKH,1071
1595Qxi6DCbbhD8Cf6zXsULDhfMqaG2Dd9,2017-08-15 22:51,56000,P2PKH,1072
1Au62zjwdYSHHCDodNMN4HMU9nr1YqLZHF,2017-08-15 23:13,56500,P2PKH,1073
16861m8icr2aUXwig4WBdjpjATysjZ5eWs,2017-08-15 23:13,56500,P2PKH,1074
13Qy9UVFDP713pnTGrQyaRm8cdQEPRciE1,2017-08-15 23:16,56500,P2PKH,1075
19TJFm2gPjjxW51xbYd6PfvzrqiqQQFyk4,2017-08-15 23:24,56500,P2PKH,1076
1M94oTPpDfo9qu49ieVezPdFsVmyRHvBxR,2017-08-15 23:28,56500,P2PKH,1077
1922WBMfKFwZVhUM8JebQKvUd4ooae2dJ3,2017-08-15 23:41,56000,P2PKH,1078
1548vzaShNgNS7VzKyhmHTMta7QKo9ECEU,2017-08-15 23:52,56000,P2PKH,1079
15KgtFmYQ9G1UVDquGi3UfdhGGc1hoNqKP,2017-08-16 0:39,56500,P2PKH,1080
1HjPEWNLJcnwKejw4ryqDjn2xzZ2rnt4pB,2017-08-16 0:47,56500,P2PKH,1081
196dyoiyJq5pkjWVv23mbxtkxaRvqQ6Fgx,2017-08-16 1:15,56500,P2PKH,1082
1HU4RauQ9YRCD6ipVE5zd2D6UDr1sXpzhF,2017-08-16 1:15,56500,P2PKH,1083
15aFEWd5frCL19Cg1L3WpY3ARopxYiusQZ,2017-08-16 1:22,56500,P2PKH,1084
15qTN2aXTFWCjkYGBrMbMuFZg77ZY3V1HY,2017-08-16 1:42,56500,P2PKH,1085
147L6RZdJbmLWtLnsALTd9EWHbu55uYLL7,2017-08-16 1:58,56500,P2PKH,1086
15qcteQGTaE2mp4L1QSB3xegH8WSxtnYRG,2017-08-16 2:11,56500,P2PKH,1087
1A5pPeDTynLfYRtcvwNHqbGdhnxyCTPeHg,2017-08-16 2:55,56500,P2PKH,1088
1PPK1menNuzazr1og1p99uVPqZLSBNJcnd,2017-08-16 3:12,56500,P2PKH,1089
1HjECXLH5zGbhBSnqu1hTMRvLytnbpWAzw,2017-08-16 3:17,56500,P2PKH,1090
1LSx9mWQYVkueshha5Fngqu7Su4vPj4gPP,2017-08-16 3:58,56500,P2PKH,1091
1Hqn9anA7g7XWgmbbAf28Vj1A21THHn51N,2017-08-16 4:00,56500,P2PKH,1092
1HvKHtPBiXFP6ZUXuYcV5K9yUGPHUJtGi,2017-08-16 4:17,56000,P2PKH,1093
16c5WEQdkqkP9f2ASKgP8jQnqhizus8Gzw,2017-08-16 4:21,56500,P2PKH,1094
1P5m8TxJvR1VLRvYqCspdXLMWKTWNSSpZS,2017-08-16 4:33,56500,P2PKH,1095
1HbzqQGJTvkScMVLoi2D1EoGELWsNQF92n,2017-08-16 4:43,56500,P2PKH,1096
1Gx1tBpnV6NZaqQS28VjJX2NCpJHvfPdxY,2017-08-16 5:04,56500,P2PKH,1097
15QD4MQA2fy5EBGqCwWyKz6jGWwKqTcH5A,2017-08-16 5:36,56500,P2PKH,1098
174M2jfZS4Spa7iyBXYScyypmtm5379jxw,2017-08-16 6:00,56500,P2PKH,1099
,,,,
1KDyRSN4N2fB7HeA4TVmwgveqNNcyAGjcx,2017-08-09 14:44,56500,P2PKH,1100
1MChyuenQGKa2uiuKZL4fxRcGCBfN64AF2,2017-08-09 14:52,56500,P2PKH,1101
1BEArSoGghWNA6YpA6rP37FHyAycYkpvSE,2017-08-09 14:52,56500,P2PKH,1102
16jcKs4dpp3aStAFHkVWwZP1BaaCg56TLM,2017-08-09 14:54,56500,P2PKH,1103
1DLEyMWarojuxFaK3MUnRsDd8EfYo41v18,2017-08-09 14:58,56500,P2PKH,1104
19NppZUWZcXfnnhmapBDxisZF5AsSTo9ui,2017-08-09 15:01,56500,P2PKH,1105
1AC888tGAEnqNHjbzZhXcRpBCxRPKjcF4K,2017-08-09 15:03,56500,P2PKH,1106
1DGM3oWtzfFsKdQ1GZUNms5YT1SFYSybJG,2017-08-09 15:07,56500,P2PKH,1107
1ESix2PwgkUpVJHK1m3dWrntTHYcjouZ68,2017-08-09 15:17,56500,P2PKH,1108
1GQEoWUfs9qvfKx6GGwDzFEHXLDv4DHutj,2017-08-09 15:20,56500,P2PKH,1109
16TXyv7cEXVhgiSihgidwQ3rs6QbBCjv2K,2017-08-09 15:27,56500,P2PKH,1110
1JWBNNA8iFBtsqntqYKKb4s13EuPgPXKGu,2017-08-09 15:33,56000,P2PKH,1111
12v7acKyERp1eesXgsyvcgjk7AFUAxSRNT,2017-08-09 15:35,56000,P2PKH,1112
1KzSg8GeUmozAifxUYnrFPjDf9MoiXuVCc,2017-08-09 15:36,56500,P2PKH,1113
1MQSy2CZEMFXVHakt51tSUPaUXERhkq8uk,2017-08-09 15:42,56500,P2PKH,1114
1GziqYYDwDeCoNum5vhFnrZos7L6ZTcx3T,2017-08-09 15:54,56500,P2PKH,1115
15YjBn9fSfoSYT7CADMVr69JJvxLswmfw6,2017-08-09 15:54,56500,P2PKH,1116
1azvHhmbGAVrosuQUg3f2fNq1dbY6YhUJ,2017-08-09 16:13,56500,P2PKH,1117
1GSTmGhkFfksefvPiRdeHvMGtvEqiPRWLs,2017-08-09 16:13,56500,P2PKH,1118
1EzBBRJRu9WUWM6LPUCjedtXCZ6iPeZbpt,2017-08-09 16:29,56500,P2PKH,1119
1PDEHZ2sCRejhQwTNZqzU3kmh7ratEgy95,2017-08-09 16:29,56500,P2PKH,1120
1EzHSYHAMnm6SLxH2H1tRf66mqcEwRqxZt,2017-08-09 16:48,56000,P2PKH,1121
1Lbf8R7CDYUXuGM21nqQH8JnaCBjVpCCtb,2017-08-09 16:58,56500,P2PKH,1122
13PnrxwL1R3NQKyQPaA15LQ8Ad7Rj83iRY,2017-08-09 17:07,56000,P2PKH,1123
164jU5XcfwW6hFN6NuokV6EBeYaRVj28QR,2017-08-09 17:23,56500,P2PKH,1124
,,,,
1E3Gudip2j1whLBxiVF5vA4knEvBhwhcJ7,2017-08-09 12:23,56500,P2PKH,1200
19debxcxJy8NByFq19miiLigBpRfuic6GU,2017-08-09 12:23,56500,P2PKH,1201
1KQ54XEiE8S1SZfsFwLYAE2AAD1ZVAZ2CS,2017-08-09 13:29,56500,P2PKH,1202
18AjXtmWtXb8fYwq4hc1YAam4bWqut4xjV,2017-08-09 14:27,56500,P2PKH,1203
18YKGo8SehpJzmz5gZjTWkFeJzsfHWpQzu,2017-08-09 14:44,56500,P2PKH,1204
1FKHQQ5iWxCb5iCJBb73cyGEtrfFDgPYK8,2017-08-09 14:52,56500,P2PKH,1205
1GDkQhwGxm46Wau5TuwoRTdNTqDc4Vs5j2,2017-08-09 15:54,56500,P2PKH,1206
1Bv3wSVJEuXWFWXy8YsRheDNGGtfSrPGKb,2017-08-09 16:13,56500,P2PKH,1207
13tEncofnf6XNYn4mwvZfE8m4eb74szg4A,2017-08-09 16:29,56500,P2PKH,1208
1Bbb5BVSh19ZJDFc8FGfHtBrnAVPojVzi,2017-08-09 16:48,56500,P2PKH,1209
1L8Vr8qS8Nf7cYDxuNkejwLBZJgdf8LxgT,2017-08-09 17:38,56500,P2PKH,1210
128851QMcXSEZWzZcFDtGgeaM2KnCm84wK,2017-08-09 17:58,56500,P2PKH,1211
1Dz9jCJYtL4hSnwubX4vnuba51a58SFwrx,2017-08-09 18:49,56500,P2PKH,1212
1JpoJuAYJC1dH5qVdmTw4nY85UbChKdXix,2017-08-09 18:49,56500,P2PKH,1213
1FX3FLyMDAe8CFKrnQrt9aiu7ytZRwWE6c,2017-08-09 18:49,56000,P2PKH,1214
1HcEpitrsw7TPqm9fudHbWwXsYZxXe624t,2017-08-09 18:49,56500,P2PKH,1215
1HLHSRvtVUyX95J7i4rTSFdttUnsfpccd4,2017-08-09 19:04,56500,P2PKH,1216
1rSGa7MkZmza3GTXNBXfFun5dLnEJZwDh,2017-08-09 19:20,56000,P2PKH,1217
1HWECrngAE13xQnxJwRKby7aJvADLz3Xbo,2017-08-09 19:45,56500,P2PKH,1218
1K49WTMi645J1ufCvKqYusUkH3M4bD6qx3,2017-08-09 20:10,56500,P2PKH,1219
19yogJ1wL56zgSdSrAGRsANQQx2tq5UKMq,2017-08-09 20:33,56500,P2PKH,1220
16yS7HqkWmRPh8vETTAZKv7Rnb5GamMng7,2017-08-09 20:43,56500,P2PKH,1221
1KWg61LroqiouMUMuM5923fN13CygKsFoM,2017-08-09 21:36,56500,P2PKH,1222
164CwVqZTvDa2X76kwDy8EoXeC1r6xms6h,2017-08-09 21:36,56500,P2PKH,1223
133zNa2NZviKGtCuUGUHJiRzfeftEYCiwP,2017-08-09 21:50,56500,P2PKH,1224
114dnNy7RbsapH1W5sVgt1j44Mi4QeNVMN,2017-08-09 22:08,56500,P2PKH,1225
1D93G4nYnn4nxi5g1gB2RpV7cnq5gtSdQG,2017-08-09 22:21,56500,P2PKH,1226
15ryTAvVgJtPSsaSXvaGekP3jcZrjXc5fK,2017-08-09 22:33,56000,P2PKH,1227
1NWJgpYGrFP3kBjm6PzGbDC1tfbyffz58q,2017-08-09 23:10,56500,P2PKH,1228
15fSHipLMyv2rweEf3X8dgXQRL8pa3R2fW,2017-08-09 23:27,56500,P2PKH,1229
13RooAhmsB8J1iPiE7vWhSz9nn2S1cSA5B,2017-08-09 23:40,56500,P2PKH,1230
1BkAzCAjiWi41zKJNUyxZFbmryvKZc6ZNp,2017-08-10 0:17,56500,P2PKH,1231
19ibGQ4RLWbNqGU6JsajtVqm9cb49igsyk,2017-08-10 0:48,56500,P2PKH,1232
1Lefb5ZxnwzjRVKAamvJt6CJtQfFdMthvx,2017-08-10 1:17,56500,P2PKH,1233
1FLboocQ9jCKHMTWrJEJs4NGt8LZRNKSPR,2017-08-10 1:53,56500,P2PKH,1234
1Q6nsGmzX9PU9HsmK5KRZABBrWa47fACwU,2017-08-10 1:53,56500,P2PKH,1235
1RAkUgdfCUbyTEM8VNx1Ahbg2PWiimkxX,2017-08-10 3:16,56000,P2PKH,1236
1NAPeAERXTtXMBBkyShiLbN4abT8WsoiR8,2017-08-10 8:22,56500,P2PKH,1237
1EWz93ULrMjMEmgoHhin4meP5KL3UFWrE3,2017-08-10 8:59,56500,P2PKH,1238
1MT2Ui65QQcGKbAWxSSddZvmUXJxUBU5G2,2017-08-10 9:25,56500,P2PKH,1239
1ChundtiAwHGj3BAuLCWBHxxe4xqEFVrTk,2017-08-10 9:42,56000,P2PKH,1240
1CrEXEfN761Ean1wxfusgb6mYcFrETdSPd,2017-08-10 10:16,56500,P2PKH,1241
1Lc3BESiL8PKcbXZLMmFZK5VoGugcYX2a4,2017-08-10 10:33,56500,P2PKH,1242
1CDMdQrrwT9JCp8KuEExGPGywN2FHUpYaz,2017-08-10 10:50,56500,P2PKH,1243
18eYJDVFAmwrnQSShdCSRTNDzcXRxRBUm,2017-08-10 10:50,56000,P2PKH,1244
1BFZvCiL163PjkwfFuKFntjcF1y4X7i7fg,2017-08-10 11:02,56500,P2PKH,1245
1J52dV1BAe54yNmpdvSabzPT9c6vAJNgiB,2017-08-10 11:20,56500,P2PKH,1246
1CoAv71rDHQVhMM9RrnEHAqPKSWXQ4z7Sg,2017-08-10 11:47,56000,P2PKH,1247
1GuawroYZiXiveEhtBNwCp6NRBUFZbE3vz,2017-08-10 11:47,56000,P2PKH,1248
1Q8HDvCs2yZoxpMNWjTpPTCVosY8dbbZpv,2017-08-10 11:51,56500,P2PKH,1249
1AANTpMEruVRuyTNDVztJc8J2nqoevsu26,2017-08-10 11:59,56500,P2PKH,1250
1DVkmraE68msqdbhi3SAVv9SL8y58yp5jZ,2017-08-10 12:12,56500,P2PKH,1251
1BgqVowTXmBLTqSyBMori4W3Jny56XS46Q,2017-08-10 12:37,56500,P2PKH,1252
14VmeMh26y1udD2XoSSYzFSPspfCJB4kDL,2017-08-10 12:37,56500,P2PKH,1253
15pP33bVbuDCo1rCPT26J7aKVikaXaQdwp,2017-08-10 12:37,56500,P2PKH,1254
1GM9cbp5KL3hdUFiegAVKvzgL93bJVQkRX,2017-08-10 12:37,56500,P2PKH,1255
16NZiyvikBPhxAJEEkKpHLoYgvt3jhmtdS,2017-08-10 12:58,56500,P2PKH,1256
1AUJfKDiBTYM1JPGa1y3DivuQDHj86ALS5,2017-08-10 13:06,56500,P2PKH,1257
1DzX2CPKJZWApGkPvkT4vFUMkjhDt1CQbo,2017-08-10 13:41,56500,P2PKH,1258
1DsDiNq1RYFHsPFmnbVVA5uUKa3RM4RPau,2017-08-10 13:41,56500,P2PKH,1259
1C3w5ShKpYy6wZoesmjVaQLp6VVce2HLeL,2017-08-10 13:41,56500,P2PKH,1260
1CSg74MiHeMjYbEAGZU9vCvfaz8vRfZv9F,2017-08-10 13:41,56500,P2PKH,1261
1645w66Jh8BDs9r4e5WshhZaZE82pZpcEF,2017-08-10 13:49,56500,P2PKH,1262
1K4SFZDSn2FC2uoF3TySEZ8QdFzLMe1F8A,2017-08-10 14:01,56500,P2PKH,1263
1ABbvywmppGUtzefG3RA4aHXLG9YNMzTYY,2017-08-10 14:11,56500,P2PKH,1264
1B9NcZ3CX6do1PgBkTNH739NWeESpnB1ua,2017-08-10 14:22,56500,P2PKH,1265
18U98oDj9SmVEZ329Z2ma7BYUhZhuDebLx,2017-08-10 14:30,56500,P2PKH,1266
12TWFDrdE7QvVuZxQAhAAMyhqmfevjxqvZ,2017-08-10 14:47,56500,P2PKH,1267
17uC3iitZEbeUB5rqqAVKeWdAuB1Jo5VdV,2017-08-10 15:18,56500,P2PKH,1268
16osGj1A8xpDRv99nj885QsB52rNJx4Nj4,2017-08-10 15:18,56500,P2PKH,1269
1NWXV1o2xKSixnfUXD1durb1WNs8LuQMjk,2017-08-10 15:18,56500,P2PKH,1270
1AbXECjoqNdW7KCvb47FbWuiHiykJh2k8W,2017-08-10 15:18,56500,P2PKH,1271
1N6TF5THHwNS98AXRfdX3J5F8rtTD5rYun,2017-08-10 16:07,56500,P2PKH,1272
1N8ewaL5PrQKWbRstDiTkRVB8F5X1sqDE5,2017-08-10 16:07,56500,P2PKH,1273
1HU5iCVHWCvxbDTTW4qtCi3qxeexo5Zs7y,2017-08-10 16:07,56500,P2PKH,1274
19rissSkxaa5qDCcCReZZ94cjXrVuMpy5U,2017-08-10 16:07,56500,P2PKH,1275
1CydAwtKy3edZpm52ify9ZRVW9ozat383V,2017-08-10 16:19,56500,P2PKH,1276
1FiJ9puWiWnDZDoZr5cnkshKQXitdF4gmu,2017-08-10 16:50,56500,P2PKH,1277
1BXNWqZ7tF9aYiTvCktJNeK9ghz6sdTHfU,2017-08-10 16:50,56500,P2PKH,1278
1Ne1yeJBzAX7rwBXwZyZ38juuatgMmodUR,2017-08-10 16:50,56500,P2PKH,1279
13ezaJ2i6BTFjVb91CxjVvrSJtxVJRExHL,2017-08-10 16:50,56500,P2PKH,1280
1KN3WpDPniu5wHTBR1m9exteL8ATNCGw4n,2017-08-10 17:01,56500,P2PKH,1281
1Ac9xwEQgsLwbf1sNELB7ryoN1Bs63vdje,2017-08-10 17:01,56500,P2PKH,1282
1CdHB8gtijchBMUPEmoxnjem597HB45i38,2017-08-10 17:14,56500,P2PKH,1283
1DRKqZcx9vsQLQqoyxHcojbPh9RESUws72,2017-08-10 17:18,56000,P2PKH,1284
15iiik8MqgYdTc9adf4rZbVmYbtyZEsWH4,2017-08-10 17:22,56500,P2PKH,1285
1CqvEXy8Ti7itLnkJeh11FhgRWGMavJGTf,2017-08-10 17:30,56500,P2PKH,1286
1FngmhJZgJprYT9Tf62EoUt6xUmXFUUpFA,2017-08-10 17:44,56000,P2PKH,1287
1LAHa2i5EGG7VJCDSoWMFhdZoM3haHCxca,2017-08-10 17:44,56500,P2PKH,1288
12gYti2zbnxo8GtvufdgRfJqn7XGyPonH9,2017-08-10 17:59,56500,P2PKH,1289
1LHmfuDdDkD9iRuwiixK78nTfkNENTpr2w,2017-08-10 17:59,56500,P2PKH,1290
1bfjtW1Z36Cj8DNYqRsU15BWEJVuwGbgN,2017-08-10 18:14,56500,P2PKH,1291
175kGTgcWWiga5UyhRmjd2ot8mSSoVLaDn,2017-08-10 18:14,56500,P2PKH,1292
19Lx1BKzEi5anytgF4xdC81cy78C826UtB,2017-08-10 18:14,56500,P2PKH,1293
13bdH3Xk7vj7oir9bUUhvjrT95HLH4aGsn,2017-08-10 18:14,56500,P2PKH,1294
14iyWUaY66fduPuEHgSkbJxytExdqykTYT,2017-08-10 18:22,56500,P2PKH,1295
12fg1ejVGZen1oBopUpTx5sskuL5pbuuaV,2017-08-10 18:36,56500,P2PKH,1296
19TS34vJZNffaq7fkUesJh4zDpwBnRLckw,2017-08-10 18:36,56500,P2PKH,1297
1398ARYs58kQDYMvt83oHsHzUFjomiQdU9,2017-08-10 18:51,56500,P2PKH,1298
18EqRDYEMtvKUKJJiMjqqn6gYixi7g7JrJ,2017-08-10 19:00,56000,P2PKH,1299
,,,,
15oDEnmYDzktRFYCof7BXrQrt4iYyxqQmy,2017-07-13 8:24,67800,P2PKH,1300
139AbJhZKnCaEonG92GiqZa8rhkX68v8ej,2017-07-13 8:30,67800,P2PKH,1301
1DQApAX25wsk4Mbv3m3cBYkp4aR5wfnjFA,2017-07-13 8:32,67800,P2PKH,1302
17SnM4fop1ZmxmhmHt4aRk3h59npxmu4Zy,2017-07-13 8:36,67800,P2PKH,1303
1PybMFFjmtGeodFJeHvoKM9T7miSuHFRhs,2017-07-13 8:44,67800,P2PKH,1304
18HeaxzbcTM7Ly4mAQdmkAUgM6DDZKvCXd,2017-07-13 9:10,67800,P2PKH,1305
1GY7S53dP9Me5sHdFECHCSqvyRJvNJj722,2017-07-13 9:30,67800,P2PKH,1306
1KS7FRdxL3GDmqAg4P2MBeWyffywfY3ELK,2017-07-13 9:33,67800,P2PKH,1307
1BN2M5be6WLjdX7TqgUYmtS79XoygMdJNy,2017-07-13 9:40,67500,P2PKH,1308
1L1kMZPwXqGLriD9nBj8yD2KMYDGe9HDyf,2017-07-13 10:21,67800,P2PKH,1309
1L6pkoQ8uo1Gpagh5RqkKqYC7g7RmFWhjK,2017-07-13 10:21,67800,P2PKH,1310
1GAEAuoyhpE832XzxPRADeUEDk1nSTJzgs,2017-07-13 10:27,67200,P2PKH,1311
17uVeeMwvEYrDpxX3SJX4eTELqUSo3YMyX,2017-07-13 10:33,67200,P2PKH,1312
1MLd5oBAqGmJ1PU7Hj4LBwQrurz3PwPNBf,2017-07-13 10:38,67500,P2PKH,1313
1KEghJuSjp6Br8ZNWvgK9cgb9YxmJxtayC,2017-07-13 10:52,67500,P2PKH,1314
1N6qu6TAjLyAT89JTQvcnwHkC1hajMpnsy,2017-07-13 11:16,67500,P2PKH,1315
18kqszZ6pqafofHjj3K6ksQnEqx9Y5BMhm,2017-07-13 11:22,67800,P2PKH,1316
1J6bFpKheTfsXXyM6x8ob6nZCAE3HwuCuM,2017-07-13 11:40,67500,P2PKH,1317
1A86Yb6jicxLsfwW9cwJ9gyo42FbGvMJdG,2017-07-13 11:46,67500,P2PKH,1318
1GfXs5qrtqk36QGcQJaoDjq6qLF4PYqU9N,2017-07-13 12:06,67800,P2PKH,1319
1Dhoo39jipovdQS9w7hScK1QEoXVE84Etk,2017-07-13 12:18,67500,P2PKH,1320
1CEFjr7GGf7s3aqGQP7F3c9mfK4v78Xrif,2017-07-13 12:35,67200,P2PKH,1321
1PT6v6EoeKQ6Yz22G88kJy5cSWJq7fuLSz,2017-07-13 12:51,67500,P2PKH,1322
1JK6Uh5ouXFgYkif6ar8PJSaysGHX6f2E3,2017-07-13 13:04,67800,P2PKH,1323
18biKup2upmFKJ27EyAJ1Rb8acAouGEMrd,2017-07-13 13:25,67500,P2PKH,1324
1Fs1QzCzh6fXtmcFpYNSJHh6S1cqaXkeRW,2017-07-13 13:49,67800,P2PKH,1325
1Agy5jPqSQ6FZQKNKUg457WqmCgZb6P3an,2017-07-13 14:13,67800,P2PKH,1326
1BFy2tjHATreJCWtZviip8QNNb8qeM5NtL,2017-07-13 14:18,67500,P2PKH,1327
1DcKBNPHD8XvHsRcomWYQhYohdiEz3GNeq,2017-07-13 14:35,67500,P2PKH,1328
12eKqRXSTDsXpMJRXxVzBUkFSB6U5ybUWj,2017-07-13 14:41,67800,P2PKH,1329
1Akx9vyJ3LyxCZUsAHLr4fGcoWySk2q244,2017-07-13 14:55,67800,P2PKH,1330
1Mj3yvF7TVcLFjZvoekRrnfxyC7JDm7oG9,2017-07-13 15:02,66900,P2PKH,1331
1DFu5YTMprubmTyuURSxgesapQSFLvA9PD,2017-07-13 15:19,67200,P2PKH,1332
15c4JYK7yudea5za3j7MmkrUbCeR7x2Mhu,2017-07-13 15:25,67800,P2PKH,1333
18hby2cWcjLBaQjQHF7uJF5HCqTdLq45Rj,2017-07-13 15:37,67500,P2PKH,1334
17YLT13jTJ2Qwjy15fPBvmeW1dhWj7mNgF,2017-07-13 15:52,67500,P2PKH,1335
1CN13dAPAn13AVzwaXnpdTfjjuojZaERCf,2017-07-13 16:01,66900,P2PKH,1336
1FSEArJU3eY4gVuM8GytiBuYCMfRQR9VBq,2017-07-13 16:07,67800,P2PKH,1337
1MtJGxf6r74k94zjBFcnCJyJhwRB7TQwU9,2017-07-13 16:15,67800,P2PKH,1338
1GmhJiFxU2t1Hy13AWEdTrKYBihjGsTbw2,2017-07-13 16:54,67800,P2PKH,1339
19KmMx4SFGvPdMMrdeACfGAUP7qT3kZdFG,2017-07-13 16:54,67200,P2PKH,1340
1HK3qtEGAashFTvBUH4rgq2T13hTwzCxuV,2017-07-13 17:04,67500,P2PKH,1341
17Qqf22ZBzzU9DNR2jnpPF5TyjNDX5kjr7,2017-07-13 17:07,67500,P2PKH,1342
12ftQ8TYoSYk4Lek3EbyVquJneB55q8Mcj,2017-07-13 17:10,67800,P2PKH,1343
1GZWqGwhs9irVmWEKmp8fJztqyWztPnmTc,2017-07-13 17:13,67800,P2PKH,1344
1GBQoNbbQg5kW2CB8FktVbvJMUs173f2Vk,2017-07-13 17:21,67200,P2PKH,1345
1NGuDqdkK13q24tA8HQnpB8MJt8sAX7X9o,2017-07-13 17:35,67800,P2PKH,1346
1QGAvWMQkG1mF1NBav1ip1WAWhyo4apS75,2017-07-13 17:37,67500,P2PKH,1347
1HC6XUt86ftbAiYUFktMA8pzurWNsARUHv,2017-07-13 17:59,67800,P2PKH,1348
1JJ9x958UUiQojHNXnFzAzzckXrBE544Ka,2017-07-13 18:03,67800,P2PKH,1349
1EUeSWBT2LMyPYV6sdiUZafGjjspiwWZh1,2017-07-13 18:13,67800,P2PKH,1350
127av6LfJJ3ZAxCLhXh66p4FGAoij8TX43,2017-07-13 18:31,67800,P2PKH,1351
1DXMQgYssr9pSy45JaMu14uxyyjXHW8iGf,2017-07-13 18:47,67500,P2PKH,1352
1FeuUU4tLtjYixF9UWbyGzFamoi1dNWwem,2017-07-13 18:51,67800,P2PKH,1353
12C9fxhJBn3nWGaNH2UThyQmUTgffxee7h,2017-07-13 18:59,67800,P2PKH,1354
1oE65ghqVJrZA8ybU8cmR4tVmU2otcYbF,2017-07-13 19:04,67500,P2PKH,1355
18GjuJU9NXmwgBqPmNMjhPZVQQSpKKuAS2,2017-07-13 19:37,67800,P2PKH,1356
15ZGgdXCWk5hbz9WazgqGSMSyAdK6DLuVT,2017-07-13 19:45,67800,P2PKH,1357
1FZe72cjkGqkGc5WrgCMsDLQsEKF7peavX,2017-07-13 19:54,111600,P2PKH,1358
1B5qQvwbLQ3oMMA2mow7g8LTUYSynXYwkL,2017-07-13 19:57,67500,P2PKH,1359
1CToq8Qnfqzg6SYtzPVbzGaA8vazEREHSQ,2017-07-13 20:13,67800,P2PKH,1360
1H1JCdMmjRmGe3S4WXtVA1hASSFyEWDKNh,2017-07-13 20:19,67800,P2PKH,1361
19LvuoWbSTkS8CgUmqHw66EwQ61AThnQS8,2017-07-13 20:25,66900,P2PKH,1362
1BzuLywKCqp9o5BR5ewycxnx35hMQkh4sD,2017-07-13 20:27,67800,P2PKH,1363
1PDNfNie9paFKUyhbFFoWLWbio7wiDzkwQ,2017-07-13 20:32,67800,P2PKH,1364
15F56UaGMMcU33cyBaG1LgpwyzKEdtaCvD,2017-07-13 20:37,67800,P2PKH,1365
1GE6hPfDAoYJcP7wMEKtZE97cCz5iwKvqF,2017-07-13 20:38,67800,P2PKH,1366
12oLepDpb7fshkTmnsVQBprByj2TjpdiU3,2017-07-13 20:50,67500,P2PKH,1367
1NVwDxtimbUrNf4gXUCobdUYp5V2B8JD3F,2017-07-13 21:09,67800,P2PKH,1368
1CGJndSsxqcCXzGxNdeF5eBgDbK87mLtkb,2017-07-13 21:09,67800,P2PKH,1369
1LeWQXUjfHVa1qtbw6aiukuPnWVekrpj2B,2017-07-13 21:28,67500,P2PKH,1370
1FE3E68xhj2GKGyeKm3XvSsrkAPSFUPN87,2017-07-13 21:31,67800,P2PKH,1371
1QEBVKvvMoqCM96NBmHETva6h8Yf4AaNLm,2017-07-13 21:51,67800,P2PKH,1372
19FXCTP2KDMb6Qmb8Qju7Go1qVV2qdNR1Z,2017-07-13 21:57,67800,P2PKH,1373
1BhDoNmTQZ3eKjX78voexZU6NJHLrjoCzn,2017-07-13 21:58,67200,P2PKH,1374
1DUUUshQP5h4EhRdvpgFGgDJgv7tcnhGmK,2017-07-13 22:02,67500,P2PKH,1375
1KmEsVG2jRR2UxGfhK5Nob1bGBNaV4xuvZ,2017-07-13 22:13,67800,P2PKH,1376
16KekfkE6oqm1cMJVhHSuahs1zxg1SCuXo,2017-07-13 22:20,67800,P2PKH,1377
1PcuJwmX51K3SLfuoCQD3a7MayWb4BvgrK,2017-07-13 22:38,67800,P2PKH,1378
1Q8dWrfwvsM4r6BtTZ2S2a4aWv5Gxn85Do,2017-07-13 22:47,67200,P2PKH,1379
1iNwL5n72mKKXEuvnLGUzvx366DsFMfzE,2017-07-13 23:38,67800,P2PKH,1380
1NHznxJeKET4uka1PKxzDXoGk3WFDutpZ,2017-07-13 23:38,67800,P2PKH,1381
14QoLa9NvRiVJNruBMWmj5Q5xtuKFNk7As,2017-07-13 23:42,67800,P2PKH,1382
19nZJFCQ2bPJ5rXEBu97CkkyaWsXNDs8ey,2017-07-13 23:43,67500,P2PKH,1383
1NZ1pxtrpQLkNoWYM4mbnyU7qVkA5WWYW8,2017-07-13 23:51,67800,P2PKH,1384
18aJyBYX3AMpFHWjH1pExsy6vXAkbvox6B,2017-07-14 0:18,67800,P2PKH,1385
1AKeaqZGWKvcRtfYD9u6vnZSqSnEawCXPy,2017-07-14 0:40,67800,P2PKH,1386
1QFAZ6Q47nMjxMHdHybE8SS9b3jDXnyJkZ,2017-07-14 1:14,67500,P2PKH,1387
1GpdcKMarvC6rbuTr9S1SYjwkoj3DNkwhr,2017-07-14 1:14,67800,P2PKH,1388
14m5Tw16R3kUWaXM9t7Nt14MZ4J3QLZ9Z4,2017-07-14 1:17,67800,P2PKH,1389
1GNtHvECQrCRMoQRNS9vhtD24hMZ5rtpj,2017-07-14 1:20,67200,P2PKH,1390
196AsCWmuB8zropuf194owrbUBtFXk4oNu,2017-07-14 1:33,67800,P2PKH,1391
1EHcTLgXGPZEtkqDQWEwmSdi9BWwUXZ97R,2017-07-14 1:50,67800,P2PKH,1392
14hUEX2LT1sk3KDCDcbwJDGW9AsxivAMCX,2017-07-14 2:09,67800,P2PKH,1393
1Ng5K17zsi8gv1HUWdUhy2rHmtTUzZB4SY,2017-07-14 2:27,67800,P2PKH,1394
1WsFiVuy2bWXJch3jvARbF1D5hLXPP7FF,2017-07-14 2:31,67800,P2PKH,1395
16p1mL2nHSP1j4JK3RneErZNdgMXPPwXAK,2017-07-14 2:40,67800,P2PKH,1396
1GJ3s5EaHeyxf6FCFiWuPsmJFzVLKxWyid,2017-07-14 2:50,67800,P2PKH,1397
1CxXs56Jv5cwmdYXt8r4vTdXoh9vdhu3ep,2017-07-14 3:04,67800,P2PKH,1398
1Ch28JDRYygZwUxv5wGJtUUfi4h5VTSLxq,2017-07-14 3:18,67800,P2PKH,1399
,,,,
1E4joeSALgDC5hyfhX8mXAqzSivynKwwzF,2017-08-30 18:33,67800,P2PKH,1400
1MFvyf4EX2nKX6zNdCkDkQeTGio31Vgjyn,2017-08-30 18:52,67800,P2PKH,1401
179ui7Jks6zVGWm5zEe6TM8vR9vBUk5y9R,2017-08-30 19:35,67800,P2PKH,1402
1MoDVFQfSGUjXp4yFZS3fjSMmfshSNxJZk,2017-08-30 19:50,67800,P2PKH,1403
1JfE5gdKzeLFbfZ6az4cSd3ApmTrn8jLJe,2017-08-30 20:01,67800,P2PKH,1404
184fmA1zReE6JnVQDYLRoTC57rX9z5xeeh,2017-08-30 20:26,67800,P2PKH,1405
12drBuP2DLhc53EY4Hew9pQpfN8ifANXJV,2017-08-30 20:51,67800,P2PKH,1406
1ERTwXFTKfpPhRAmdV68U8E62bmuzNBbiM,2017-08-30 21:01,67200,P2PKH,1407
1Gv5Wudemq45u9S7rFEKSJwTFccf9FE3AK,2017-08-30 21:19,67800,P2PKH,1408
15GDNPYY65KeDTv6vqVcgX7CJUjTUn6rfg,2017-08-30 21:27,67800,P2PKH,1409
13RR2JwqCLUEZDRstxraDMZh1QEQsJcKGM,2017-08-30 21:34,67800,P2PKH,1410
1NTJDJHWDuX3Qm23g797eifamBHwas86XY,2017-08-30 21:54,67800,P2PKH,1411
1Ft6VUpBVLZxHte89r7bSsg6XUGo6WffTh,2017-08-30 22:07,67200,P2PKH,1412
1DGFBnZPdUJyv69CkxEDUQ9mAkuNTPaqe7,2017-08-30 22:19,67800,P2PKH,1413
1QFvET7txNw4zCVMPEap45Ngx3jmAccXVM,2017-08-30 22:37,67800,P2PKH,1414
1FQ7F8zsP1kGC5FP8hD21KJNrdAR3RBshf,2017-08-30 22:48,67800,P2PKH,1415
16eTL5uuS3kSgZseaiy6a7yqBCWAkRYnnM,2017-08-30 23:19,67800,P2PKH,1416
1Mbo43WjF8zPH38BwDUHdMrup3FhNNDNd,2017-08-30 23:29,67200,P2PKH,1417
1A9CEzWgbrKSBpaDon2sfPNa8NE3XnKotE,2017-08-30 23:34,67800,P2PKH,1418
1J9Py2urYrjvWx6vX2tE7qZm3PhnBcbUX8,2017-08-30 23:39,67800,P2PKH,1419
1NUSs5wa8rKCyLNQZy6UkTC9GE7m2VbwTD,2017-08-30 23:53,67800,P2PKH,1420
1A7Y6YCekTAmj1CWHU8XdzQe61FnJM7d2V,2017-08-31 0:43,67800,P2PKH,1421
1Bx8AdP62B6AbexZjgwjRxkJDxWn8gsGmd,2017-08-31 0:47,67800,P2PKH,1422
14FqqGd9FAJm9WVbrfRPbFVnG28LCVS28R,2017-08-31 3:11,67800,P2PKH,1423
17XrAFkjHHZUz2gQTJQutjWNqCmTa3ph2r,2017-08-31 3:11,67800,P2PKH,1424
1LQn4N4drQ17Hm5qx3C2w2bpqJwxd2F4XT,2017-08-31 3:11,67800,P2PKH,1425
1AGA2cUdYgpqj6sYhyMwYhjY1JVyrtnDig,2017-08-31 3:11,67800,P2PKH,1426
16K96ha4nwBRdBoUjvDGvNTvR9pLkVeZND,2017-08-31 3:59,67800,P2PKH,1427
1KZZ379DFWM3JcLAtMqimQyxP2DVnuHtG5,2017-08-31 4:38,67800,P2PKH,1428
1YRkmjDeELhtiuq1UyEXNhhTcfAySLzfe,2017-08-31 5:36,67800,P2PKH,1429
1JdJzqYxvv6DShtJTWQUU8HwfjgjFAF1Ao,2017-08-31 5:55,67800,P2PKH,1430
1G75U82tvxUWfp9VajnoAGr7puFFF8Jq7L,2017-08-31 6:43,67800,P2PKH,1431
1KS7GbKE7XZXTsHCN91DNA1N9FsRVGToxW,2017-08-31 7:04,67800,P2PKH,1432
13s2tZdPkHWEP7b4c5FbomrAE1F5z2DBWb,2017-08-31 7:11,67800,P2PKH,1433
1LhrTKwGA9Ux6ghkCnPJFe5UT6ZVhzinVQ,2017-08-31 7:27,67800,P2PKH,1434
1Jt5mSKzT7m3XSirJ6TJb5pSdFN27fWNb1,2017-08-31 7:33,67800,P2PKH,1435
1NZiheMB1vXdpZD6AKZKfyhZ7YrVQibJnY,2017-08-31 8:02,67800,P2PKH,1436
1PZ97PWQ3YLXMXWd6xNf4H6CQJ2Gmz8qzx,2017-08-31 8:28,67800,P2PKH,1437
15C2E6oABPEXqUyaBhtHgHZ3ELz15t962D,2017-08-31 8:33,67800,P2PKH,1438
1Q8AKjhYzJgBkxZq2BnbdbeBa5mdwgL9JU,2017-08-31 8:39,67800,P2PKH,1439
1MWdTozPnGo9H1xdVh55sC6EKi7MtyprNw,2017-08-31 9:01,67800,P2PKH,1440
1FWTRw6EeevJJckGvvkefgg83EyK8xqhhW,2017-08-31 9:20,67800,P2PKH,1441
1PeUZJiQwncLipThQqHoGSdA9VqRWFrfJ7,2017-08-31 9:46,67800,P2PKH,1442
1ADshKffk6Gc98vynsd13sik4eQgVAeSmy,2017-08-31 9:58,67800,P2PKH,1443
1Bz2DqpZZMUDuTBWiBDWSP14pYqhuAWRrs,2017-08-31 10:36,67800,P2PKH,1444
1CcMT77Q1eqkug8bidenRjHBgTBjTbpp5R,2017-08-31 10:41,67800,P2PKH,1445
17qC2CMvhbj39SgpAbpCESaLqPixoEw4oi,2017-08-31 10:51,67800,P2PKH,1446
1BseJReHSKQJ55fkuwLehGEcrma23QttHn,2017-08-31 10:59,67800,P2PKH,1447
149GFhD63jVivrLuUyJQpsEZo5GRjRSeXG,2017-08-31 11:09,67200,P2PKH,1448
1GnPtPE1zk87hbPwkZHaBSFGwqHHJQvDLN,2017-08-31 11:26,67800,P2PKH,1449
1A1q7KaQVe7WdNUunC6ksurEfVTjQz4G9Q,2017-08-31 11:40,67800,P2PKH,1450
1QK6FywZgguYQ6WaaJdR7VSD355NEZrfDu,2017-08-31 12:27,67800,P2PKH,1451
1LEP3xxQAzcn6ATUzYAGAfoWmY8ePTTZcU,2017-08-31 12:27,67800,P2PKH,1452
1K1pudMfA5cb2JYdWp4ndmUojeSMiovRHw,2017-08-31 12:49,67800,P2PKH,1453
1GNgY5gpzn3gnoT2WBE5qT4JNPNYo4Rh5b,2017-08-31 13:04,67800,P2PKH,1454
15ybafcekKqTqg8pb1TTkGPK2wP1q87kcA,2017-08-31 13:16,67800,P2PKH,1455
186G9bVAwc9ZnuYTejaQ9o7owvddVKpGVr,2017-08-31 13:55,67800,P2PKH,1456
